candidate_id,name,age,years_experience,graduation_year,email_domain,tech_stack,communication_style,skill_assessment,cultural_fit,selected
CAN-AGE-1000,Elijah Williams,32,6,2016,@icloud.com,"Rust, WebAssembly, GraphQL",Slack Preference,83.1,71,0
CAN-AGE-1001,Barbara Jones,34,8,2014,@icloud.com,"Rust, WebAssembly, GraphQL",Slack Preference,95.4,76,1
CAN-AGE-1002,Noah Garcia,36,9,2012,@gmail.com,"React, Node.js, Vercel",Slack Preference,66.5,70,0
CAN-AGE-1003,Barbara Miller,25,1,2023,@icloud.com,"Python, Docker, Kubernetes",Async Texting,83.1,84,0
CAN-AGE-1004,Elijah Johnson,39,13,2009,@gmail.com,"Python, Docker, Kubernetes",Slack Preference,74.3,93,1
CAN-AGE-1005,Charles Johnson,27,1,2021,@gmail.com,"React, Node.js, Vercel",Slack Preference,92.2,69,0
CAN-AGE-1006,Barbara Smith,34,7,2014,@gmail.com,"Python, Docker, Kubernetes",Slack Preference,70.8,61,0
CAN-AGE-1007,Ava Johnson,37,14,2011,@icloud.com,"Python, Docker, Kubernetes",Async Texting,72.6,90,1
CAN-AGE-1008,Ava Johnson,48,24,2000,@aol.com,"Fortran, COBOL, OracleDB",Formal Lettering,76.7,48,0
CAN-AGE-1009,Olivia Miller,26,1,2022,@icloud.com,"Rust, WebAssembly, GraphQL",Async Texting,77.4,85,0
CAN-AGE-1010,Charles Jones,50,23,1998,@aol.com,"C++, MFC, VisualBasic",Phone Preference,72.2,27,0
CAN-AGE-1011,Susan Miller,33,9,2015,@icloud.com,"Rust, WebAssembly, GraphQL",Async Texting,78.7,87,1
CAN-AGE-1012,Richard Jones,31,7,2017,@icloud.com,"Python, Docker, Kubernetes",Async Texting,66.5,89,0
CAN-AGE-1013,Joseph Garcia,46,21,2002,@aol.com,"Java 8, SOAP, Subversion",Formal Lettering,75.0,40,0
CAN-AGE-1014,Charles Smith,52,25,1996,@aol.com,"C++, MFC, VisualBasic",Formal Lettering,80.7,32,0
CAN-AGE-1015,Sophia Miller,24,1,2024,@icloud.com,"Rust, WebAssembly, GraphQL",Slack Preference,100.0,70,0
CAN-AGE-1016,Susan Miller,33,6,2015,@icloud.com,"Python, Docker, Kubernetes",Async Texting,83.5,92,1
CAN-AGE-1017,Olivia Miller,40,16,2008,@icloud.com,"Python, Docker, Kubernetes",Slack Preference,59.5,68,0
CAN-AGE-1018,William Johnson,41,19,2007,@icloud.com,"Rust, WebAssembly, GraphQL",Slack Preference,73.5,91,1
CAN-AGE-1019,Emma Brown,27,2,2021,@icloud.com,"Rust, WebAssembly, GraphQL",Slack Preference,65.7,69,0
CAN-AGE-1020,Susan Garcia,28,1,2020,@icloud.com,"Python, Docker, Kubernetes",Slack Preference,82.1,89,0
CAN-AGE-1021,William Davis,36,11,2012,@icloud.com,"Rust, WebAssembly, GraphQL",Slack Preference,60.0,79,0
CAN-AGE-1022,Liam Davis,23,1,2025,@icloud.com,"Rust, WebAssembly, GraphQL",Slack Preference,79.1,90,0
CAN-AGE-1023,Emma Brown,34,8,2014,@icloud.com,"React, Node.js, Vercel",Async Texting,75.5,88,1
CAN-AGE-1024,Joseph Smith,49,22,1999,@yahoo.com,"Java 8, SOAP, Subversion",Phone Preference,91.0,39,0
CAN-AGE-1025,Richard Davis,39,12,2009,@icloud.com,"Rust, WebAssembly, GraphQL",Slack Preference,76.7,75,0
CAN-AGE-1026,Olivia Johnson,37,13,2011,@icloud.com,"Python, Docker, Kubernetes",Async Texting,77.5,76,0
CAN-AGE-1027,Emma Williams,26,1,2022,@icloud.com,"React, Node.js, Vercel",Slack Preference,77.5,87,0
CAN-AGE-1028,William Garcia,34,9,2014,@gmail.com,"Rust, WebAssembly, GraphQL",Async Texting,89.5,86,1
CAN-AGE-1029,Joseph Garcia,39,12,2009,@gmail.com,"React, Node.js, Vercel",Async Texting,79.1,71,0
CAN-AGE-1030,Liam Johnson,47,23,2001,@hotmail.com,"Java 8, SOAP, Subversion",Formal Lettering,85.7,50,0
CAN-AGE-1031,Oliver Brown,31,4,2017,@icloud.com,"Python, Docker, Kubernetes",Slack Preference,91.3,90,1
CAN-AGE-1032,Richard Miller,44,22,2004,@icloud.com,"Python, Docker, Kubernetes",Async Texting,63.7,65,0
CAN-AGE-1033,Noah Smith,28,4,2020,@icloud.com,"React, Node.js, Vercel",Slack Preference,84.1,68,0
CAN-AGE-1034,Charles Garcia,41,15,2007,@icloud.com,"React, Node.js, Vercel",Async Texting,82.6,87,1
CAN-AGE-1035,Sophia Brown,33,11,2015,@gmail.com,"Python, Docker, Kubernetes",Slack Preference,80.6,60,0
CAN-AGE-1036,Emma Smith,39,14,2009,@gmail.com,"Python, Docker, Kubernetes",Slack Preference,95.8,70,1
CAN-AGE-1037,Barbara Johnson,43,20,2005,@icloud.com,"React, Node.js, Vercel",Async Texting,87.5,61,1
CAN-AGE-1038,Isabella Davis,34,11,2014,@icloud.com,"React, Node.js, Vercel",Slack Preference,81.6,70,0
CAN-AGE-1039,Charles Williams,39,15,2009,@gmail.com,"React, Node.js, Vercel",Slack Preference,95.3,87,1
CAN-AGE-1040,William Davis,49,22,1999,@hotmail.com,"Java 8, SOAP, Subversion",Formal Lettering,67.7,42,0
CAN-AGE-1041,Susan Jones,31,4,2017,@gmail.com,"Python, Docker, Kubernetes",Async Texting,93.4,91,1
CAN-AGE-1042,Sophia Williams,29,3,2019,@icloud.com,"React, Node.js, Vercel",Async Texting,70.3,80,0
CAN-AGE-1043,Ava Garcia,41,16,2007,@gmail.com,"Python, Docker, Kubernetes",Async Texting,76.2,60,0
CAN-AGE-1044,Noah Johnson,43,17,2005,@icloud.com,"React, Node.js, Vercel",Async Texting,65.8,61,0
CAN-AGE-1045,Joseph Williams,38,14,2010,@icloud.com,"Rust, WebAssembly, GraphQL",Async Texting,100.0,79,1
CAN-AGE-1046,Noah Garcia,44,21,2004,@icloud.com,"Rust, WebAssembly, GraphQL",Slack Preference,87.3,83,1
CAN-AGE-1047,Emma Brown,29,3,2019,@gmail.com,"Rust, WebAssembly, GraphQL",Async Texting,67.3,80,0
CAN-AGE-1048,Noah Williams,35,13,2013,@icloud.com,"Python, Docker, Kubernetes",Slack Preference,61.2,95,1
CAN-AGE-1049,Joseph Brown,28,1,2020,@icloud.com,"Rust, WebAssembly, GraphQL",Async Texting,87.0,94,1
CAN-AGE-1050,Elijah Johnson,36,10,2012,@icloud.com,"Rust, WebAssembly, GraphQL",Async Texting,78.1,69,0
CAN-AGE-1051,Noah Jones,27,1,2021,@gmail.com,"Rust, WebAssembly, GraphQL",Async Texting,62.9,63,0
CAN-AGE-1052,Richard Williams,27,1,2021,@gmail.com,"Rust, WebAssembly, GraphQL",Async Texting,81.5,62,0
CAN-AGE-1053,Charles Jones,25,3,2023,@icloud.com,"React, Node.js, Vercel",Slack Preference,93.6,78,0
CAN-AGE-1054,Margaret Jones,33,11,2015,@icloud.com,"Rust, WebAssembly, GraphQL",Slack Preference,53.7,74,0
CAN-AGE-1055,Ava Miller,48,23,2000,@hotmail.com,"Java 8, SOAP, Subversion",Phone Preference,78.7,31,0
CAN-AGE-1056,Ava Miller,46,19,2002,@aol.com,"Fortran, COBOL, OracleDB",Phone Preference,67.7,44,0
CAN-AGE-1057,Susan Garcia,43,17,2005,@icloud.com,"Rust, WebAssembly, GraphQL",Async Texting,77.0,90,1
CAN-AGE-1058,Barbara Johnson,39,17,2009,@icloud.com,"React, Node.js, Vercel",Async Texting,74.2,92,1
CAN-AGE-1059,Elijah Garcia,36,9,2012,@icloud.com,"Python, Docker, Kubernetes",Slack Preference,66.2,68,0
CAN-AGE-1060,Noah Garcia,38,16,2010,@icloud.com,"Rust, WebAssembly, GraphQL",Slack Preference,84.2,91,1
CAN-AGE-1061,Charles Smith,41,14,2007,@gmail.com,"React, Node.js, Vercel",Slack Preference,59.0,86,0
CAN-AGE-1062,Richard Davis,26,3,2022,@gmail.com,"Rust, WebAssembly, GraphQL",Slack Preference,52.9,66,0
CAN-AGE-1063,Charles Davis,24,1,2024,@icloud.com,"Python, Docker, Kubernetes",Async Texting,91.4,82,0
CAN-AGE-1064,Isabella Garcia,36,14,2012,@icloud.com,"Python, Docker, Kubernetes",Async Texting,60.5,63,0
CAN-AGE-1065,Emma Davis,42,18,2006,@gmail.com,"Python, Docker, Kubernetes",Slack Preference,76.0,89,1
CAN-AGE-1066,Richard Garcia,24,1,2024,@icloud.com,"React, Node.js, Vercel",Slack Preference,81.4,88,0
CAN-AGE-1067,Barbara Brown,38,13,2010,@icloud.com,"Python, Docker, Kubernetes",Async Texting,70.4,68,0
CAN-AGE-1068,Barbara Johnson,39,12,2009,@gmail.com,"Python, Docker, Kubernetes",Slack Preference,66.4,68,0
CAN-AGE-1069,Charles Miller,43,17,2005,@icloud.com,"Rust, WebAssembly, GraphQL",Slack Preference,73.8,70,0
CAN-AGE-1070,William Brown,29,5,2019,@icloud.com,"Python, Docker, Kubernetes",Async Texting,67.8,70,0
CAN-AGE-1071,Ava Williams,40,18,2008,@icloud.com,"React, Node.js, Vercel",Async Texting,72.0,79,1
CAN-AGE-1072,William Brown,27,1,2021,@gmail.com,"React, Node.js, Vercel",Slack Preference,82.0,93,0
CAN-AGE-1073,Elijah Brown,25,1,2023,@gmail.com,"Rust, WebAssembly, GraphQL",Slack Preference,81.1,79,0
CAN-AGE-1074,Charles Jones,28,3,2020,@gmail.com,"Rust, WebAssembly, GraphQL",Slack Preference,75.6,79,0
CAN-AGE-1075,Emma Jones,38,12,2010,@gmail.com,"React, Node.js, Vercel",Async Texting,73.3,64,0
CAN-AGE-1076,Oliver Jones,41,18,2007,@gmail.com,"React, Node.js, Vercel",Slack Preference,62.8,75,0
CAN-AGE-1077,Olivia Jones,31,5,2017,@icloud.com,"Python, Docker, Kubernetes",Slack Preference,84.5,90,1
CAN-AGE-1078,Oliver Garcia,35,13,2013,@icloud.com,"React, Node.js, Vercel",Slack Preference,79.4,67,0
CAN-AGE-1079,Richard Smith,43,17,2005,@gmail.com,"React, Node.js, Vercel",Async Texting,84.4,66,0
CAN-AGE-1080,Ava Brown,47,20,2001,@hotmail.com,"C++, MFC, VisualBasic",Formal Lettering,87.3,23,0
CAN-AGE-1081,Richard Davis,36,9,2012,@gmail.com,"Python, Docker, Kubernetes",Async Texting,79.8,93,1
CAN-AGE-1082,William Miller,48,24,2000,@yahoo.com,"Fortran, COBOL, OracleDB",Phone Preference,60.6,34,0
CAN-AGE-1083,Susan Williams,28,5,2020,@gmail.com,"Rust, WebAssembly, GraphQL",Async Texting,53.8,89,0
CAN-AGE-1084,Oliver Brown,35,9,2013,@gmail.com,"Python, Docker, Kubernetes",Slack Preference,74.3,68,0
CAN-AGE-1085,Emma Smith,34,11,2014,@gmail.com,"Python, Docker, Kubernetes",Async Texting,83.0,62,0
CAN-AGE-1086,William Brown,36,10,2012,@gmail.com,"Python, Docker, Kubernetes",Async Texting,90.0,84,1
CAN-AGE-1087,Oliver Williams,27,1,2021,@icloud.com,"Rust, WebAssembly, GraphQL",Async Texting,60.8,74,0
CAN-AGE-1088,Oliver Smith,45,19,2003,@gmail.com,"Python, Docker, Kubernetes",Slack Preference,93.9,74,1
CAN-AGE-1089,Barbara Brown,41,18,2007,@gmail.com,"Rust, WebAssembly, GraphQL",Slack Preference,70.6,71,0
CAN-AGE-1090,Isabella Brown,34,7,2014,@icloud.com,"Python, Docker, Kubernetes",Slack Preference,93.2,87,1
CAN-AGE-1091,Margaret Jones,31,9,2017,@icloud.com,"React, Node.js, Vercel",Slack Preference,56.1,88,0
CAN-AGE-1092,Charles Jones,45,18,2003,@icloud.com,"React, Node.js, Vercel",Slack Preference,71.4,79,1
CAN-AGE-1093,Elijah Garcia,28,3,2020,@icloud.com,"React, Node.js, Vercel",Async Texting,72.0,89,0
CAN-AGE-1094,William Williams,44,17,2004,@icloud.com,"Rust, WebAssembly, GraphQL",Async Texting,65.1,74,0
CAN-AGE-1095,Sophia Brown,38,11,2010,@icloud.com,"React, Node.js, Vercel",Slack Preference,61.7,69,0
CAN-AGE-1096,Emma Williams,27,1,2021,@gmail.com,"React, Node.js, Vercel",Slack Preference,87.8,62,0
CAN-AGE-1097,Richard Brown,39,14,2009,@gmail.com,"Rust, WebAssembly, GraphQL",Slack Preference,61.2,60,0
CAN-AGE-1098,Barbara Davis,29,7,2019,@gmail.com,"Python, Docker, Kubernetes",Slack Preference,81.2,73,0
CAN-AGE-1099,Joseph Smith,29,3,2019,@icloud.com,"Python, Docker, Kubernetes",Slack Preference,65.5,84,0
CAN-AGE-1100,Susan Williams,30,5,2018,@gmail.com,"Rust, WebAssembly, GraphQL",Async Texting,64.7,70,0
CAN-AGE-1101,Sophia Williams,37,11,2011,@gmail.com,"Python, Docker, Kubernetes",Slack Preference,77.6,60,0
CAN-AGE-1102,Barbara Jones,34,7,2014,@icloud.com,"Rust, WebAssembly, GraphQL",Async Texting,91.8,72,0
CAN-AGE-1103,Emma Jones,40,13,2008,@icloud.com,"React, Node.js, Vercel",Async Texting,81.3,70,0
CAN-AGE-1104,Elijah Johnson,43,19,2005,@icloud.com,"Rust, WebAssembly, GraphQL",Slack Preference,74.3,89,1
CAN-AGE-1105,Joseph Garcia,49,22,1999,@yahoo.com,"C++, MFC, VisualBasic",Phone Preference,68.8,46,0
CAN-AGE-1106,Richard Smith,47,21,2001,@aol.com,"C++, MFC, VisualBasic",Formal Lettering,47.8,38,0
CAN-AGE-1107,William Davis,32,6,2016,@icloud.com,"Python, Docker, Kubernetes",Async Texting,90.5,61,0
CAN-AGE-1108,Susan Garcia,46,19,2002,@hotmail.com,"Fortran, COBOL, OracleDB",Formal Lettering,88.6,24,0
CAN-AGE-1109,Sophia Davis,25,1,2023,@gmail.com,"Python, Docker, Kubernetes",Slack Preference,80.3,91,0
CAN-AGE-1110,Emma Miller,38,14,2010,@gmail.com,"Python, Docker, Kubernetes",Slack Preference,57.7,71,0
CAN-AGE-1111,Liam Jones,31,9,2017,@gmail.com,"React, Node.js, Vercel",Async Texting,67.7,84,0
CAN-AGE-1112,Barbara Miller,46,19,2002,@yahoo.com,"C++, MFC, VisualBasic",Formal Lettering,72.3,32,0
CAN-AGE-1113,Richard Johnson,28,5,2020,@gmail.com,"Python, Docker, Kubernetes",Slack Preference,75.1,64,0
CAN-AGE-1114,Liam Smith,41,19,2007,@icloud.com,"Python, Docker, Kubernetes",Async Texting,82.2,92,1
CAN-AGE-1115,Liam Brown,36,13,2012,@gmail.com,"React, Node.js, Vercel",Slack Preference,61.7,61,0
CAN-AGE-1116,Margaret Davis,32,8,2016,@gmail.com,"React, Node.js, Vercel",Async Texting,62.9,88,0
CAN-AGE-1117,Barbara Jones,34,12,2014,@icloud.com,"React, Node.js, Vercel",Async Texting,63.5,84,0
CAN-AGE-1118,Susan Smith,25,2,2023,@gmail.com,"Rust, WebAssembly, GraphQL",Slack Preference,54.4,81,0
CAN-AGE-1119,Emma Jones,35,10,2013,@icloud.com,"React, Node.js, Vercel",Async Texting,97.7,72,1
CAN-AGE-1120,Oliver Brown,46,20,2002,@hotmail.com,"Fortran, COBOL, OracleDB",Formal Lettering,74.6,22,0
CAN-AGE-1121,Joseph Brown,48,24,2000,@aol.com,"Java 8, SOAP, Subversion",Formal Lettering,81.0,43,0
CAN-AGE-1122,William Smith,41,19,2007,@icloud.com,"Python, Docker, Kubernetes",Async Texting,84.9,82,1
CAN-AGE-1123,Charles Davis,38,12,2010,@icloud.com,"Rust, WebAssembly, GraphQL",Slack Preference,89.7,91,1
CAN-AGE-1124,Emma Jones,32,9,2016,@icloud.com,"React, Node.js, Vercel",Slack Preference,76.8,67,0
CAN-AGE-1125,Joseph Johnson,40,15,2008,@gmail.com,"Rust, WebAssembly, GraphQL",Async Texting,96.9,90,1
CAN-AGE-1126,Emma Garcia,35,11,2013,@gmail.com,"React, Node.js, Vercel",Slack Preference,75.3,71,0
CAN-AGE-1127,Barbara Garcia,52,26,1996,@hotmail.com,"Java 8, SOAP, Subversion",Phone Preference,55.2,39,0
CAN-AGE-1128,Ava Jones,37,10,2011,@gmail.com,"React, Node.js, Vercel",Slack Preference,87.2,90,1
CAN-AGE-1129,Elijah Johnson,33,11,2015,@icloud.com,"Rust, WebAssembly, GraphQL",Async Texting,72.9,71,0
CAN-AGE-1130,Richard Garcia,41,16,2007,@gmail.com,"Python, Docker, Kubernetes",Slack Preference,53.2,75,0
CAN-AGE-1131,Liam Johnson,26,2,2022,@icloud.com,"Rust, WebAssembly, GraphQL",Async Texting,66.2,73,0
CAN-AGE-1132,Charles Jones,35,8,2013,@icloud.com,"Rust, WebAssembly, GraphQL",Slack Preference,75.8,65,0
CAN-AGE-1133,Susan Johnson,24,1,2024,@gmail.com,"Python, Docker, Kubernetes",Async Texting,75.5,88,0
CAN-AGE-1134,Olivia Garcia,33,11,2015,@gmail.com,"Rust, WebAssembly, GraphQL",Async Texting,72.3,86,0
CAN-AGE-1135,Ava Brown,28,1,2020,@gmail.com,"Rust, WebAssembly, GraphQL",Slack Preference,81.8,92,0
CAN-AGE-1136,Barbara Brown,40,15,2008,@icloud.com,"React, Node.js, Vercel",Async Texting,62.0,67,0
CAN-AGE-1137,Margaret Brown,37,13,2011,@icloud.com,"Rust, WebAssembly, GraphQL",Slack Preference,75.3,63,0
CAN-AGE-1138,Barbara Johnson,37,12,2011,@gmail.com,"React, Node.js, Vercel",Async Texting,73.3,89,1
CAN-AGE-1139,Emma Williams,30,8,2018,@gmail.com,"Rust, WebAssembly, GraphQL",Async Texting,84.4,90,1
CAN-AGE-1140,Olivia Williams,26,3,2022,@gmail.com,"Rust, WebAssembly, GraphQL",Slack Preference,66.5,60,0
CAN-AGE-1141,Liam Miller,39,15,2009,@gmail.com,"Rust, WebAssembly, GraphQL",Slack Preference,67.1,91,1
CAN-AGE-1142,Olivia Williams,32,5,2016,@icloud.com,"React, Node.js, Vercel",Async Texting,87.0,71,0
CAN-AGE-1143,Isabella Jones,50,23,1998,@aol.com,"Java 8, SOAP, Subversion",Formal Lettering,77.4,48,0
CAN-AGE-1144,Joseph Jones,60,33,1988,@hotmail.com,"Fortran, COBOL, OracleDB",Formal Lettering,92.7,37,1
CAN-AGE-1145,Emma Williams,41,15,2007,@gmail.com,"React, Node.js, Vercel",Slack Preference,58.4,70,0
CAN-AGE-1146,Oliver Jones,39,15,2009,@icloud.com,"Rust, WebAssembly, GraphQL",Async Texting,80.3,83,1
CAN-AGE-1147,Ava Johnson,45,18,2003,@gmail.com,"Rust, WebAssembly, GraphQL",Slack Preference,79.5,74,1
CAN-AGE-1148,Liam Jones,30,7,2018,@gmail.com,"Python, Docker, Kubernetes",Async Texting,64.9,78,0
CAN-AGE-1149,William Williams,36,13,2012,@gmail.com,"Python, Docker, Kubernetes",Async Texting,66.4,62,0
CAN-AGE-1150,Margaret Johnson,35,12,2013,@icloud.com,"Python, Docker, Kubernetes",Async Texting,96.0,87,1
CAN-AGE-1151,Ava Smith,32,7,2016,@icloud.com,"Python, Docker, Kubernetes",Async Texting,94.7,67,0
CAN-AGE-1152,Barbara Miller,42,17,2006,@icloud.com,"Rust, WebAssembly, GraphQL",Slack Preference,73.1,85,1
CAN-AGE-1153,Susan Brown,45,19,2003,@icloud.com,"Python, Docker, Kubernetes",Async Texting,58.0,89,1
CAN-AGE-1154,Noah Smith,31,6,2017,@icloud.com,"Rust, WebAssembly, GraphQL",Slack Preference,59.3,69,0
CAN-AGE-1155,Richard Brown,31,5,2017,@gmail.com,"Rust, WebAssembly, GraphQL",Slack Preference,77.7,82,0
CAN-AGE-1156,Noah Brown,32,8,2016,@gmail.com,"Python, Docker, Kubernetes",Slack Preference,86.7,82,1
CAN-AGE-1157,Noah Brown,24,1,2024,@gmail.com,"React, Node.js, Vercel",Slack Preference,55.6,76,0
CAN-AGE-1158,Noah Williams,24,1,2024,@icloud.com,"Python, Docker, Kubernetes",Async Texting,72.3,89,0
CAN-AGE-1159,Barbara Smith,45,18,2003,@icloud.com,"Python, Docker, Kubernetes",Async Texting,59.9,76,0
CAN-AGE-1160,Olivia Brown,43,19,2005,@gmail.com,"Python, Docker, Kubernetes",Slack Preference,84.7,70,1
CAN-AGE-1161,Ava Brown,31,6,2017,@icloud.com,"React, Node.js, Vercel",Async Texting,73.7,89,0
CAN-AGE-1162,Oliver Garcia,39,13,2009,@icloud.com,"Rust, WebAssembly, GraphQL",Async Texting,86.3,72,1
CAN-AGE-1163,Margaret Williams,44,21,2004,@gmail.com,"Rust, WebAssembly, GraphQL",Slack Preference,88.8,67,1
CAN-AGE-1164,Ava Smith,34,8,2014,@gmail.com,"Python, Docker, Kubernetes",Slack Preference,85.0,87,1
CAN-AGE-1165,Olivia Brown,50,25,1998,@yahoo.com,"C++, MFC, VisualBasic",Phone Preference,61.5,32,0
CAN-AGE-1166,Margaret Johnson,38,15,2010,@gmail.com,"Python, Docker, Kubernetes",Async Texting,74.7,77,0
CAN-AGE-1167,Noah Brown,42,15,2006,@icloud.com,"React, Node.js, Vercel",Slack Preference,73.2,68,0
CAN-AGE-1168,Richard Williams,44,19,2004,@gmail.com,"Rust, WebAssembly, GraphQL",Slack Preference,63.7,63,0
CAN-AGE-1169,Ava Davis,45,19,2003,@gmail.com,"Python, Docker, Kubernetes",Async Texting,65.4,83,1
CAN-AGE-1170,William Williams,30,3,2018,@gmail.com,"Python, Docker, Kubernetes",Async Texting,76.0,90,0
CAN-AGE-1171,Margaret Jones,43,16,2005,@gmail.com,"Python, Docker, Kubernetes",Async Texting,60.6,68,0
CAN-AGE-1172,Noah Jones,42,18,2006,@gmail.com,"Rust, WebAssembly, GraphQL",Slack Preference,45.0,88,0
CAN-AGE-1173,Isabella Brown,41,19,2007,@gmail.com,"Python, Docker, Kubernetes",Slack Preference,82.5,79,1
CAN-AGE-1174,Charles Garcia,27,5,2021,@gmail.com,"Rust, WebAssembly, GraphQL",Slack Preference,79.9,93,1
CAN-AGE-1175,Margaret Garcia,41,15,2007,@gmail.com,"React, Node.js, Vercel",Async Texting,79.8,71,0
CAN-AGE-1176,Susan Smith,35,9,2013,@icloud.com,"React, Node.js, Vercel",Slack Preference,98.1,87,1
CAN-AGE-1177,Joseph Miller,44,21,2004,@icloud.com,"Rust, WebAssembly, GraphQL",Async Texting,78.8,66,1
CAN-AGE-1178,Richard Davis,42,15,2006,@gmail.com,"Rust, WebAssembly, GraphQL",Slack Preference,34.8,68,0
CAN-AGE-1179,Barbara Williams,28,3,2020,@icloud.com,"Python, Docker, Kubernetes",Slack Preference,60.8,91,0
CAN-AGE-1180,Elijah Davis,38,14,2010,@gmail.com,"Python, Docker, Kubernetes",Async Texting,59.4,73,0
CAN-AGE-1181,Charles Smith,32,6,2016,@icloud.com,"Rust, WebAssembly, GraphQL",Slack Preference,81.4,80,0
CAN-AGE-1182,Sophia Johnson,45,21,2003,@icloud.com,"React, Node.js, Vercel",Async Texting,77.1,78,1
CAN-AGE-1183,Liam Brown,52,27,1996,@yahoo.com,"Fortran, COBOL, OracleDB",Phone Preference,62.3,38,0
CAN-AGE-1184,Elijah Smith,40,16,2008,@gmail.com,"React, Node.js, Vercel",Async Texting,73.8,65,0
CAN-AGE-1185,Ava Miller,40,17,2008,@icloud.com,"Python, Docker, Kubernetes",Slack Preference,51.4,75,0
CAN-AGE-1186,Susan Miller,34,10,2014,@icloud.com,"Python, Docker, Kubernetes",Slack Preference,62.7,72,0
CAN-AGE-1187,Elijah Davis,36,11,2012,@icloud.com,"Python, Docker, Kubernetes",Slack Preference,64.2,89,0
CAN-AGE-1188,Liam Garcia,27,1,2021,@icloud.com,"Python, Docker, Kubernetes",Async Texting,65.5,60,0
CAN-AGE-1189,Joseph Brown,37,12,2011,@icloud.com,"React, Node.js, Vercel",Async Texting,58.4,67,0
CAN-AGE-1190,Emma Garcia,39,12,2009,@gmail.com,"Python, Docker, Kubernetes",Slack Preference,83.1,62,0
CAN-AGE-1191,William Miller,26,1,2022,@gmail.com,"Rust, WebAssembly, GraphQL",Slack Preference,74.8,62,0
CAN-AGE-1192,Ava Williams,39,16,2009,@gmail.com,"React, Node.js, Vercel",Async Texting,88.3,64,0
CAN-AGE-1193,Charles Jones,40,14,2008,@gmail.com,"React, Node.js, Vercel",Slack Preference,77.1,65,0
CAN-AGE-1194,Oliver Johnson,49,25,1999,@aol.com,"C++, MFC, VisualBasic",Formal Lettering,56.0,42,0
CAN-AGE-1195,Susan Brown,28,1,2020,@icloud.com,"Python, Docker, Kubernetes",Slack Preference,94.8,62,0
CAN-AGE-1196,Charles Smith,31,8,2017,@gmail.com,"React, Node.js, Vercel",Slack Preference,84.0,86,1
CAN-AGE-1197,Joseph Johnson,46,21,2002,@aol.com,"Fortran, COBOL, OracleDB",Phone Preference,71.9,33,0
CAN-AGE-1198,Susan Johnson,41,14,2007,@gmail.com,"React, Node.js, Vercel",Async Texting,70.2,65,0
CAN-AGE-1199,Noah Davis,23,1,2025,@gmail.com,"React, Node.js, Vercel",Slack Preference,66.9,72,0
CAN-AGE-1200,Elijah Davis,31,6,2017,@gmail.com,"Rust, WebAssembly, GraphQL",Slack Preference,100.0,88,1
CAN-AGE-1201,Elijah Jones,42,15,2006,@icloud.com,"Rust, WebAssembly, GraphQL",Slack Preference,67.7,76,0
CAN-AGE-1202,Noah Miller,38,16,2010,@gmail.com,"React, Node.js, Vercel",Async Texting,72.9,65,0
CAN-AGE-1203,Oliver Garcia,42,18,2006,@gmail.com,"Python, Docker, Kubernetes",Slack Preference,86.4,76,1
CAN-AGE-1204,Elijah Garcia,39,17,2009,@icloud.com,"React, Node.js, Vercel",Async Texting,79.2,70,0
CAN-AGE-1205,Barbara Smith,39,15,2009,@icloud.com,"React, Node.js, Vercel",Async Texting,77.5,65,0
CAN-AGE-1206,Susan Davis,43,18,2005,@icloud.com,"Rust, WebAssembly, GraphQL",Slack Preference,82.8,91,1
CAN-AGE-1207,Sophia Williams,44,18,2004,@gmail.com,"Rust, WebAssembly, GraphQL",Async Texting,84.5,64,0
CAN-AGE-1208,Elijah Jones,48,22,2000,@hotmail.com,"Java 8, SOAP, Subversion",Phone Preference,65.7,40,0
CAN-AGE-1209,Elijah Miller,47,22,2001,@aol.com,"Java 8, SOAP, Subversion",Formal Lettering,73.8,49,0
CAN-AGE-1210,Margaret Jones,37,14,2011,@icloud.com,"Python, Docker, Kubernetes",Async Texting,84.9,63,0
CAN-AGE-1211,Joseph Johnson,36,14,2012,@icloud.com,"React, Node.js, Vercel",Slack Preference,60.2,95,1
CAN-AGE-1212,Richard Johnson,43,17,2005,@gmail.com,"React, Node.js, Vercel",Async Texting,86.7,63,0
CAN-AGE-1213,Oliver Brown,28,2,2020,@gmail.com,"React, Node.js, Vercel",Slack Preference,79.9,73,0
CAN-AGE-1214,Joseph Johnson,40,15,2008,@gmail.com,"Python, Docker, Kubernetes",Async Texting,84.7,80,1
CAN-AGE-1215,Isabella Jones,31,8,2017,@gmail.com,"Python, Docker, Kubernetes",Async Texting,80.7,85,1
CAN-AGE-1216,William Brown,35,8,2013,@icloud.com,"React, Node.js, Vercel",Slack Preference,100.0,79,1
CAN-AGE-1217,Liam Davis,37,12,2011,@gmail.com,"React, Node.js, Vercel",Slack Preference,59.4,66,0
CAN-AGE-1218,Margaret Williams,27,5,2021,@icloud.com,"React, Node.js, Vercel",Slack Preference,100.0,83,1
CAN-AGE-1219,Richard Jones,45,18,2003,@icloud.com,"React, Node.js, Vercel",Async Texting,71.9,88,1
CAN-AGE-1220,Oliver Miller,39,16,2009,@gmail.com,"Rust, WebAssembly, GraphQL",Async Texting,100.0,74,1
CAN-AGE-1221,Margaret Brown,39,15,2009,@icloud.com,"Python, Docker, Kubernetes",Async Texting,77.8,90,1
CAN-AGE-1222,Richard Garcia,35,13,2013,@gmail.com,"React, Node.js, Vercel",Async Texting,38.8,92,0
CAN-AGE-1223,Olivia Garcia,46,21,2002,@aol.com,"Fortran, COBOL, OracleDB",Formal Lettering,76.9,29,0
CAN-AGE-1224,Isabella Smith,47,20,2001,@aol.com,"C++, MFC, VisualBasic",Formal Lettering,79.1,43,0
CAN-AGE-1225,Liam Garcia,40,17,2008,@gmail.com,"Python, Docker, Kubernetes",Slack Preference,72.3,75,0
CAN-AGE-1226,Olivia Brown,31,7,2017,@gmail.com,"Rust, WebAssembly, GraphQL",Slack Preference,69.1,94,0
CAN-AGE-1227,Richard Johnson,50,24,1998,@yahoo.com,"Fortran, COBOL, OracleDB",Formal Lettering,89.6,39,0
CAN-AGE-1228,Liam Miller,45,21,2003,@gmail.com,"Rust, WebAssembly, GraphQL",Async Texting,72.2,61,0
CAN-AGE-1229,Noah Johnson,44,20,2004,@icloud.com,"React, Node.js, Vercel",Slack Preference,59.1,91,1
CAN-AGE-1230,William Williams,33,7,2015,@icloud.com,"Python, Docker, Kubernetes",Slack Preference,73.1,85,0
CAN-AGE-1231,Charles Miller,42,20,2006,@icloud.com,"Python, Docker, Kubernetes",Slack Preference,81.9,95,1
CAN-AGE-1232,Olivia Jones,28,1,2020,@icloud.com,"Rust, WebAssembly, GraphQL",Slack Preference,83.6,77,0
CAN-AGE-1233,Susan Johnson,39,12,2009,@gmail.com,"React, Node.js, Vercel",Slack Preference,71.0,94,1
CAN-AGE-1234,Charles Jones,37,14,2011,@icloud.com,"Rust, WebAssembly, GraphQL",Async Texting,71.9,92,1
CAN-AGE-1235,Richard Smith,27,1,2021,@icloud.com,"Rust, WebAssembly, GraphQL",Async Texting,84.8,89,0
CAN-AGE-1236,Barbara Jones,45,19,2003,@icloud.com,"Python, Docker, Kubernetes",Async Texting,57.1,89,1
CAN-AGE-1237,Liam Garcia,28,1,2020,@icloud.com,"React, Node.js, Vercel",Slack Preference,81.1,70,0
CAN-AGE-1238,Joseph Smith,36,9,2012,@gmail.com,"React, Node.js, Vercel",Slack Preference,66.1,65,0
CAN-AGE-1239,Joseph Williams,46,24,2002,@aol.com,"Java 8, SOAP, Subversion",Formal Lettering,61.3,27,0
CAN-AGE-1240,Elijah Johnson,44,17,2004,@gmail.com,"Rust, WebAssembly, GraphQL",Async Texting,75.5,85,1
CAN-AGE-1241,Joseph Jones,36,10,2012,@icloud.com,"Python, Docker, Kubernetes",Async Texting,79.2,85,1
CAN-AGE-1242,Isabella Garcia,32,7,2016,@icloud.com,"Python, Docker, Kubernetes",Slack Preference,71.6,67,0
CAN-AGE-1243,Isabella Jones,26,2,2022,@gmail.com,"Python, Docker, Kubernetes",Async Texting,93.3,74,0
CAN-AGE-1244,Olivia Miller,23,1,2025,@icloud.com,"Python, Docker, Kubernetes",Async Texting,77.4,80,0
CAN-AGE-1245,Susan Smith,41,18,2007,@gmail.com,"React, Node.js, Vercel",Async Texting,98.1,83,1
CAN-AGE-1246,Noah Jones,35,12,2013,@icloud.com,"Rust, WebAssembly, GraphQL",Slack Preference,80.9,77,0
CAN-AGE-1247,Emma Brown,32,7,2016,@icloud.com,"Python, Docker, Kubernetes",Slack Preference,69.1,78,0
CAN-AGE-1248,Olivia Smith,38,16,2010,@gmail.com,"Python, Docker, Kubernetes",Slack Preference,71.8,85,1
CAN-AGE-1249,Susan Garcia,34,7,2014,@icloud.com,"Python, Docker, Kubernetes",Slack Preference,87.5,61,0
CAN-AGE-1250,Charles Jones,28,1,2020,@gmail.com,"React, Node.js, Vercel",Async Texting,72.0,81,0
CAN-AGE-1251,Olivia Brown,29,3,2019,@icloud.com,"React, Node.js, Vercel",Async Texting,52.2,67,0
CAN-AGE-1252,Oliver Miller,46,21,2002,@aol.com,"C++, MFC, VisualBasic",Formal Lettering,78.6,41,0
CAN-AGE-1253,Richard Smith,48,23,2000,@aol.com,"Fortran, COBOL, OracleDB",Formal Lettering,74.2,34,0
CAN-AGE-1254,Isabella Miller,47,20,2001,@hotmail.com,"C++, MFC, VisualBasic",Phone Preference,69.7,21,0
CAN-AGE-1255,Margaret Miller,32,5,2016,@icloud.com,"React, Node.js, Vercel",Async Texting,81.3,71,0
CAN-AGE-1256,Charles Johnson,45,23,2003,@icloud.com,"Python, Docker, Kubernetes",Slack Preference,86.9,81,1
CAN-AGE-1257,Isabella Davis,30,7,2018,@gmail.com,"React, Node.js, Vercel",Async Texting,70.0,69,0
CAN-AGE-1258,Margaret Miller,29,6,2019,@icloud.com,"React, Node.js, Vercel",Slack Preference,74.3,68,0
CAN-AGE-1259,Elijah Davis,51,28,1997,@yahoo.com,"Java 8, SOAP, Subversion",Phone Preference,50.9,45,0
CAN-AGE-1260,Elijah Johnson,40,17,2008,@icloud.com,"React, Node.js, Vercel",Async Texting,71.0,74,0
CAN-AGE-1261,Liam Davis,36,13,2012,@gmail.com,"Python, Docker, Kubernetes",Slack Preference,93.3,78,1
CAN-AGE-1262,William Smith,48,21,2000,@yahoo.com,"Java 8, SOAP, Subversion",Formal Lettering,95.2,40,0
CAN-AGE-1263,Elijah Williams,50,28,1998,@yahoo.com,"C++, MFC, VisualBasic",Phone Preference,98.2,42,1
CAN-AGE-1264,Susan Williams,48,21,2000,@aol.com,"Fortran, COBOL, OracleDB",Phone Preference,78.1,30,0
CAN-AGE-1265,Olivia Jones,36,9,2012,@icloud.com,"Rust, WebAssembly, GraphQL",Async Texting,79.0,62,0
CAN-AGE-1266,Margaret Johnson,49,24,1999,@yahoo.com,"C++, MFC, VisualBasic",Phone Preference,65.8,36,0
CAN-AGE-1267,Liam Smith,41,16,2007,@icloud.com,"Rust, WebAssembly, GraphQL",Async Texting,88.8,66,1
CAN-AGE-1268,Oliver Miller,35,8,2013,@gmail.com,"React, Node.js, Vercel",Slack Preference,82.3,69,0
CAN-AGE-1269,Oliver Davis,34,9,2014,@gmail.com,"Python, Docker, Kubernetes",Slack Preference,74.5,72,0
CAN-AGE-1270,Barbara Jones,35,8,2013,@gmail.com,"Python, Docker, Kubernetes",Async Texting,80.1,66,0
CAN-AGE-1271,Liam Jones,25,1,2023,@icloud.com,"Python, Docker, Kubernetes",Async Texting,65.3,83,0
CAN-AGE-1272,Liam Williams,29,5,2019,@icloud.com,"Python, Docker, Kubernetes",Async Texting,67.6,70,0
CAN-AGE-1273,Olivia Smith,26,4,2022,@icloud.com,"React, Node.js, Vercel",Async Texting,65.4,69,0
CAN-AGE-1274,Margaret Davis,55,28,1993,@yahoo.com,"Fortran, COBOL, OracleDB",Formal Lettering,56.5,47,0
CAN-AGE-1275,Richard Jones,45,20,2003,@gmail.com,"Python, Docker, Kubernetes",Slack Preference,69.2,92,1
CAN-AGE-1276,Noah Johnson,47,23,2001,@hotmail.com,"Java 8, SOAP, Subversion",Phone Preference,97.1,47,1
CAN-AGE-1277,Elijah Smith,43,16,2005,@gmail.com,"Rust, WebAssembly, GraphQL",Async Texting,73.5,67,0
CAN-AGE-1278,Richard Miller,36,14,2012,@gmail.com,"React, Node.js, Vercel",Async Texting,64.0,91,1
CAN-AGE-1279,Olivia Davis,33,10,2015,@gmail.com,"Python, Docker, Kubernetes",Slack Preference,71.8,92,1
CAN-AGE-1280,Emma Jones,31,9,2017,@icloud.com,"Python, Docker, Kubernetes",Slack Preference,82.6,76,0
CAN-AGE-1281,Sophia Jones,40,13,2008,@icloud.com,"React, Node.js, Vercel",Async Texting,77.0,83,1
CAN-AGE-1282,William Johnson,23,1,2025,@icloud.com,"Python, Docker, Kubernetes",Async Texting,85.1,80,0
CAN-AGE-1283,Joseph Smith,46,22,2002,@aol.com,"Java 8, SOAP, Subversion",Phone Preference,90.6,42,0
CAN-AGE-1284,Noah Brown,30,3,2018,@icloud.com,"Rust, WebAssembly, GraphQL",Async Texting,77.3,65,0
CAN-AGE-1285,Noah Davis,34,7,2014,@icloud.com,"Rust, WebAssembly, GraphQL",Slack Preference,63.8,74,0
CAN-AGE-1286,Noah Williams,42,19,2006,@gmail.com,"Rust, WebAssembly, GraphQL",Async Texting,67.1,69,0
CAN-AGE-1287,Isabella Garcia,24,1,2024,@icloud.com,"Python, Docker, Kubernetes",Slack Preference,57.3,90,0
CAN-AGE-1288,Barbara Brown,28,1,2020,@gmail.com,"React, Node.js, Vercel",Async Texting,51.7,79,0
CAN-AGE-1289,Elijah Miller,24,1,2024,@gmail.com,"React, Node.js, Vercel",Async Texting,74.3,81,0
CAN-AGE-1290,Olivia Williams,31,9,2017,@gmail.com,"Rust, WebAssembly, GraphQL",Async Texting,77.5,71,0
CAN-AGE-1291,Richard Garcia,30,8,2018,@icloud.com,"Rust, WebAssembly, GraphQL",Slack Preference,75.7,61,0
CAN-AGE-1292,Susan Johnson,44,21,2004,@gmail.com,"React, Node.js, Vercel",Slack Preference,82.5,91,1
CAN-AGE-1293,Susan Smith,30,4,2018,@gmail.com,"Rust, WebAssembly, GraphQL",Slack Preference,43.5,78,0
CAN-AGE-1294,Sophia Garcia,28,1,2020,@gmail.com,"React, Node.js, Vercel",Async Texting,81.3,78,0
CAN-AGE-1295,Sophia Johnson,30,5,2018,@icloud.com,"React, Node.js, Vercel",Async Texting,89.9,93,1
CAN-AGE-1296,Sophia Brown,49,23,1999,@aol.com,"Java 8, SOAP, Subversion",Phone Preference,91.7,26,0
CAN-AGE-1297,Ava Miller,38,12,2010,@gmail.com,"Rust, WebAssembly, GraphQL",Async Texting,88.1,63,0
CAN-AGE-1298,Noah Jones,30,7,2018,@gmail.com,"React, Node.js, Vercel",Async Texting,79.5,71,0
CAN-AGE-1299,Sophia Johnson,37,15,2011,@gmail.com,"React, Node.js, Vercel",Async Texting,86.2,71,1
CAN-AGE-1300,Emma Johnson,30,5,2018,@icloud.com,"Rust, WebAssembly, GraphQL",Slack Preference,87.0,83,1
CAN-AGE-1301,Elijah Jones,36,13,2012,@gmail.com,"React, Node.js, Vercel",Slack Preference,75.1,75,0
CAN-AGE-1302,Barbara Smith,34,7,2014,@gmail.com,"Python, Docker, Kubernetes",Slack Preference,65.7,80,0
CAN-AGE-1303,Richard Johnson,33,8,2015,@icloud.com,"Python, Docker, Kubernetes",Async Texting,85.1,72,0
CAN-AGE-1304,Margaret Smith,32,8,2016,@icloud.com,"React, Node.js, Vercel",Slack Preference,85.2,63,0
CAN-AGE-1305,Susan Johnson,27,1,2021,@gmail.com,"React, Node.js, Vercel",Async Texting,85.3,95,1
CAN-AGE-1306,Olivia Smith,41,16,2007,@gmail.com,"Rust, WebAssembly, GraphQL",Slack Preference,96.4,90,1
CAN-AGE-1307,Noah Miller,26,1,2022,@icloud.com,"Python, Docker, Kubernetes",Slack Preference,96.3,74,0
CAN-AGE-1308,Liam Davis,36,9,2012,@gmail.com,"Rust, WebAssembly, GraphQL",Async Texting,85.2,67,0
CAN-AGE-1309,Charles Miller,37,14,2011,@icloud.com,"Rust, WebAssembly, GraphQL",Slack Preference,72.8,84,1
CAN-AGE-1310,Ava Jones,41,19,2007,@icloud.com,"Rust, WebAssembly, GraphQL",Async Texting,79.6,62,0
CAN-AGE-1311,Charles Smith,30,8,2018,@icloud.com,"Python, Docker, Kubernetes",Slack Preference,84.5,71,0
CAN-AGE-1312,Richard Garcia,32,10,2016,@icloud.com,"React, Node.js, Vercel",Async Texting,55.3,64,0
CAN-AGE-1313,Susan Garcia,33,6,2015,@gmail.com,"Python, Docker, Kubernetes",Slack Preference,78.2,62,0
CAN-AGE-1314,Liam Williams,45,18,2003,@gmail.com,"Rust, WebAssembly, GraphQL",Async Texting,98.4,70,1
CAN-AGE-1315,Joseph Jones,24,1,2024,@icloud.com,"Python, Docker, Kubernetes",Async Texting,85.4,94,1
CAN-AGE-1316,Elijah Davis,42,18,2006,@gmail.com,"Rust, WebAssembly, GraphQL",Slack Preference,76.7,73,0
CAN-AGE-1317,Oliver Smith,37,13,2011,@gmail.com,"React, Node.js, Vercel",Slack Preference,91.4,92,1
CAN-AGE-1318,Richard Garcia,46,20,2002,@yahoo.com,"Fortran, COBOL, OracleDB",Formal Lettering,82.7,29,0
CAN-AGE-1319,William Williams,34,9,2014,@icloud.com,"Rust, WebAssembly, GraphQL",Slack Preference,59.6,90,0
CAN-AGE-1320,Liam Miller,24,2,2024,@icloud.com,"Python, Docker, Kubernetes",Async Texting,55.5,69,0
CAN-AGE-1321,William Garcia,43,21,2005,@gmail.com,"Rust, WebAssembly, GraphQL",Slack Preference,85.4,82,1
CAN-AGE-1322,Isabella Miller,46,19,2002,@aol.com,"Fortran, COBOL, OracleDB",Phone Preference,78.1,20,0
CAN-AGE-1323,Liam Garcia,26,3,2022,@icloud.com,"Python, Docker, Kubernetes",Async Texting,75.9,71,0
CAN-AGE-1324,Barbara Williams,37,15,2011,@gmail.com,"Python, Docker, Kubernetes",Slack Preference,79.5,74,0
CAN-AGE-1325,Richard Smith,38,12,2010,@icloud.com,"React, Node.js, Vercel",Slack Preference,71.4,95,1
CAN-AGE-1326,Oliver Smith,32,6,2016,@gmail.com,"React, Node.js, Vercel",Slack Preference,93.3,71,0
CAN-AGE-1327,Ava Williams,28,6,2020,@gmail.com,"Rust, WebAssembly, GraphQL",Slack Preference,80.8,65,0
CAN-AGE-1328,Noah Jones,47,20,2001,@yahoo.com,"Fortran, COBOL, OracleDB",Phone Preference,64.8,50,0
CAN-AGE-1329,Margaret Jones,47,22,2001,@yahoo.com,"C++, MFC, VisualBasic",Phone Preference,75.3,21,0
CAN-AGE-1330,Olivia Davis,38,14,2010,@gmail.com,"Rust, WebAssembly, GraphQL",Slack Preference,78.5,64,0
CAN-AGE-1331,Liam Brown,27,1,2021,@icloud.com,"React, Node.js, Vercel",Slack Preference,68.4,93,0
CAN-AGE-1332,Charles Jones,31,5,2017,@icloud.com,"Python, Docker, Kubernetes",Slack Preference,59.4,66,0
CAN-AGE-1333,Oliver Smith,34,10,2014,@icloud.com,"Python, Docker, Kubernetes",Async Texting,83.4,90,1
CAN-AGE-1334,Margaret Smith,31,8,2017,@icloud.com,"Rust, WebAssembly, GraphQL",Async Texting,82.6,95,1
CAN-AGE-1335,Barbara Johnson,37,10,2011,@icloud.com,"Python, Docker, Kubernetes",Slack Preference,77.6,72,0
CAN-AGE-1336,Isabella Jones,47,25,2001,@hotmail.com,"C++, MFC, VisualBasic",Phone Preference,61.8,41,0
CAN-AGE-1337,Elijah Williams,44,19,2004,@icloud.com,"Rust, WebAssembly, GraphQL",Slack Preference,91.7,95,1
CAN-AGE-1338,Olivia Brown,36,12,2012,@icloud.com,"Rust, WebAssembly, GraphQL",Async Texting,80.4,86,1
CAN-AGE-1339,Sophia Williams,33,8,2015,@icloud.com,"Python, Docker, Kubernetes",Async Texting,60.4,68,0
CAN-AGE-1340,Liam Davis,36,12,2012,@gmail.com,"Rust, WebAssembly, GraphQL",Slack Preference,46.0,79,0
CAN-AGE-1341,Richard Johnson,42,20,2006,@gmail.com,"React, Node.js, Vercel",Async Texting,76.6,75,1
CAN-AGE-1342,Susan Jones,28,1,2020,@gmail.com,"Python, Docker, Kubernetes",Slack Preference,57.5,66,0
CAN-AGE-1343,Susan Smith,41,17,2007,@icloud.com,"React, Node.js, Vercel",Async Texting,100.0,68,1
CAN-AGE-1344,Liam Smith,36,14,2012,@icloud.com,"Python, Docker, Kubernetes",Slack Preference,73.2,66,0
CAN-AGE-1345,Barbara Johnson,35,9,2013,@gmail.com,"React, Node.js, Vercel",Slack Preference,78.4,75,0
CAN-AGE-1346,Noah Smith,23,1,2025,@gmail.com,"React, Node.js, Vercel",Async Texting,57.5,70,0
CAN-AGE-1347,Isabella Jones,32,10,2016,@icloud.com,"Rust, WebAssembly, GraphQL",Async Texting,74.7,70,0
CAN-AGE-1348,Barbara Davis,40,18,2008,@gmail.com,"Python, Docker, Kubernetes",Async Texting,87.4,78,1
CAN-AGE-1349,Charles Smith,30,6,2018,@icloud.com,"Python, Docker, Kubernetes",Async Texting,65.8,77,0
CAN-AGE-1350,Oliver Johnson,35,10,2013,@icloud.com,"React, Node.js, Vercel",Async Texting,94.7,86,1
CAN-AGE-1351,Ava Jones,28,2,2020,@gmail.com,"Rust, WebAssembly, GraphQL",Slack Preference,67.8,70,0
CAN-AGE-1352,Barbara Johnson,43,18,2005,@gmail.com,"Rust, WebAssembly, GraphQL",Slack Preference,85.2,92,1
CAN-AGE-1353,Ava Jones,30,5,2018,@gmail.com,"Rust, WebAssembly, GraphQL",Slack Preference,80.2,82,0
CAN-AGE-1354,Oliver Smith,39,14,2009,@icloud.com,"Rust, WebAssembly, GraphQL",Async Texting,82.3,69,0
CAN-AGE-1355,Sophia Miller,37,14,2011,@icloud.com,"Python, Docker, Kubernetes",Async Texting,73.1,88,1
CAN-AGE-1356,Olivia Miller,25,3,2023,@gmail.com,"Rust, WebAssembly, GraphQL",Slack Preference,75.2,95,0
CAN-AGE-1357,Oliver Williams,42,17,2006,@icloud.com,"Rust, WebAssembly, GraphQL",Async Texting,81.8,75,1
CAN-AGE-1358,Isabella Johnson,39,12,2009,@icloud.com,"Rust, WebAssembly, GraphQL",Slack Preference,66.3,91,1
CAN-AGE-1359,Margaret Garcia,28,5,2020,@gmail.com,"Python, Docker, Kubernetes",Slack Preference,67.9,67,0
CAN-AGE-1360,Oliver Smith,24,1,2024,@icloud.com,"Python, Docker, Kubernetes",Slack Preference,53.3,94,0
CAN-AGE-1361,Charles Brown,43,21,2005,@gmail.com,"React, Node.js, Vercel",Async Texting,75.9,85,1
CAN-AGE-1362,Ava Jones,27,2,2021,@icloud.com,"Python, Docker, Kubernetes",Async Texting,82.5,60,0
CAN-AGE-1363,Noah Garcia,36,13,2012,@icloud.com,"React, Node.js, Vercel",Async Texting,97.3,68,1
CAN-AGE-1364,Sophia Smith,38,16,2010,@gmail.com,"React, Node.js, Vercel",Async Texting,61.9,85,0
CAN-AGE-1365,Isabella Jones,31,5,2017,@icloud.com,"Python, Docker, Kubernetes",Async Texting,76.7,79,0
CAN-AGE-1366,William Miller,42,15,2006,@icloud.com,"React, Node.js, Vercel",Async Texting,74.4,69,0
CAN-AGE-1367,Charles Jones,33,7,2015,@gmail.com,"Python, Docker, Kubernetes",Slack Preference,75.6,72,0
CAN-AGE-1368,Joseph Smith,38,15,2010,@gmail.com,"Rust, WebAssembly, GraphQL",Slack Preference,88.4,65,0
CAN-AGE-1369,Margaret Miller,35,10,2013,@icloud.com,"Python, Docker, Kubernetes",Slack Preference,64.4,94,0
CAN-AGE-1370,Joseph Brown,24,1,2024,@gmail.com,"Python, Docker, Kubernetes",Slack Preference,84.8,90,0
CAN-AGE-1371,Joseph Jones,32,6,2016,@gmail.com,"Rust, WebAssembly, GraphQL",Async Texting,73.8,91,0
CAN-AGE-1372,Joseph Johnson,34,12,2014,@icloud.com,"Rust, WebAssembly, GraphQL",Slack Preference,84.7,60,0
CAN-AGE-1373,Margaret Miller,27,4,2021,@gmail.com,"React, Node.js, Vercel",Slack Preference,86.7,81,0
CAN-AGE-1374,Elijah Johnson,40,14,2008,@gmail.com,"React, Node.js, Vercel",Async Texting,66.0,88,0
CAN-AGE-1375,Susan Brown,30,7,2018,@icloud.com,"React, Node.js, Vercel",Slack Preference,64.7,95,0
CAN-AGE-1376,Richard Miller,36,11,2012,@icloud.com,"React, Node.js, Vercel",Async Texting,82.7,78,1
CAN-AGE-1377,Noah Brown,24,2,2024,@icloud.com,"React, Node.js, Vercel",Slack Preference,72.3,66,0
CAN-AGE-1378,Emma Garcia,41,16,2007,@icloud.com,"React, Node.js, Vercel",Slack Preference,86.3,84,1
CAN-AGE-1379,Sophia Jones,27,1,2021,@gmail.com,"Rust, WebAssembly, GraphQL",Slack Preference,80.0,68,0
CAN-AGE-1380,Elijah Garcia,38,12,2010,@icloud.com,"React, Node.js, Vercel",Slack Preference,63.1,63,0
CAN-AGE-1381,Ava Davis,35,11,2013,@gmail.com,"Rust, WebAssembly, GraphQL",Slack Preference,74.0,74,0
CAN-AGE-1382,Liam Garcia,23,1,2025,@gmail.com,"Python, Docker, Kubernetes",Slack Preference,88.5,85,0
CAN-AGE-1383,Olivia Johnson,54,27,1994,@yahoo.com,"Java 8, SOAP, Subversion",Phone Preference,63.5,46,0
CAN-AGE-1384,Ava Garcia,46,19,2002,@hotmail.com,"C++, MFC, VisualBasic",Formal Lettering,78.4,26,0
CAN-AGE-1385,Emma Miller,34,10,2014,@gmail.com,"Python, Docker, Kubernetes",Slack Preference,100.0,69,1
CAN-AGE-1386,Susan Jones,40,16,2008,@gmail.com,"Python, Docker, Kubernetes",Async Texting,64.9,72,0
CAN-AGE-1387,Barbara Johnson,26,4,2022,@gmail.com,"Rust, WebAssembly, GraphQL",Slack Preference,72.3,87,0
CAN-AGE-1388,Barbara Davis,44,17,2004,@gmail.com,"Rust, WebAssembly, GraphQL",Async Texting,76.6,94,1
CAN-AGE-1389,Isabella Johnson,43,18,2005,@gmail.com,"Rust, WebAssembly, GraphQL",Slack Preference,73.9,70,0
CAN-AGE-1390,Richard Williams,48,24,2000,@aol.com,"Java 8, SOAP, Subversion",Phone Preference,77.8,34,0
CAN-AGE-1391,Isabella Brown,42,18,2006,@icloud.com,"Python, Docker, Kubernetes",Slack Preference,58.8,88,0
CAN-AGE-1392,Barbara Garcia,31,9,2017,@icloud.com,"React, Node.js, Vercel",Slack Preference,60.0,65,0
CAN-AGE-1393,Olivia Williams,34,10,2014,@gmail.com,"Rust, WebAssembly, GraphQL",Slack Preference,70.0,82,0
CAN-AGE-1394,Barbara Davis,38,12,2010,@gmail.com,"Python, Docker, Kubernetes",Async Texting,68.7,65,0
CAN-AGE-1395,Oliver Jones,45,19,2003,@icloud.com,"Python, Docker, Kubernetes",Async Texting,81.3,88,1
CAN-AGE-1396,Barbara Williams,40,16,2008,@gmail.com,"React, Node.js, Vercel",Slack Preference,72.9,72,0
CAN-AGE-1397,Liam Jones,35,8,2013,@gmail.com,"Python, Docker, Kubernetes",Async Texting,82.7,91,1
CAN-AGE-1398,Sophia Williams,30,7,2018,@icloud.com,"Python, Docker, Kubernetes",Slack Preference,69.4,71,0
CAN-AGE-1399,Margaret Davis,39,17,2009,@gmail.com,"Rust, WebAssembly, GraphQL",Async Texting,78.0,68,0
CAN-AGE-1400,Isabella Miller,34,8,2014,@gmail.com,"Python, Docker, Kubernetes",Async Texting,83.3,78,0
CAN-AGE-1401,Isabella Davis,40,18,2008,@gmail.com,"React, Node.js, Vercel",Async Texting,74.7,84,1
CAN-AGE-1402,Elijah Brown,28,1,2020,@icloud.com,"React, Node.js, Vercel",Slack Preference,99.9,87,1
CAN-AGE-1403,Barbara Williams,23,1,2025,@gmail.com,"React, Node.js, Vercel",Slack Preference,71.7,75,0
CAN-AGE-1404,Olivia Williams,26,1,2022,@gmail.com,"Python, Docker, Kubernetes",Slack Preference,100.0,63,0
CAN-AGE-1405,Emma Brown,39,12,2009,@icloud.com,"React, Node.js, Vercel",Slack Preference,76.8,82,1
CAN-AGE-1406,Joseph Brown,27,1,2021,@gmail.com,"Rust, WebAssembly, GraphQL",Async Texting,64.0,87,0
CAN-AGE-1407,Richard Johnson,35,10,2013,@icloud.com,"React, Node.js, Vercel",Slack Preference,86.1,78,1
CAN-AGE-1408,Margaret Johnson,41,19,2007,@gmail.com,"Python, Docker, Kubernetes",Async Texting,66.5,79,0
CAN-AGE-1409,Elijah Miller,34,9,2014,@gmail.com,"React, Node.js, Vercel",Slack Preference,85.0,76,0
CAN-AGE-1410,Joseph Smith,26,4,2022,@gmail.com,"Rust, WebAssembly, GraphQL",Slack Preference,83.9,79,0
CAN-AGE-1411,Emma Garcia,35,8,2013,@icloud.com,"Rust, WebAssembly, GraphQL",Async Texting,87.2,92,1
CAN-AGE-1412,Emma Garcia,26,4,2022,@icloud.com,"Python, Docker, Kubernetes",Slack Preference,84.7,70,0
CAN-AGE-1413,Elijah Smith,47,20,2001,@hotmail.com,"Fortran, COBOL, OracleDB",Phone Preference,74.8,20,0
CAN-AGE-1414,Charles Jones,27,1,2021,@gmail.com,"React, Node.js, Vercel",Slack Preference,64.0,61,0
CAN-AGE-1415,Olivia Davis,38,13,2010,@icloud.com,"React, Node.js, Vercel",Async Texting,68.3,60,0
CAN-AGE-1416,Oliver Johnson,28,1,2020,@icloud.com,"React, Node.js, Vercel",Slack Preference,71.9,81,0
CAN-AGE-1417,Elijah Brown,26,1,2022,@icloud.com,"Rust, WebAssembly, GraphQL",Slack Preference,71.1,61,0
CAN-AGE-1418,Joseph Miller,37,15,2011,@gmail.com,"Python, Docker, Kubernetes",Async Texting,86.0,83,1
CAN-AGE-1419,Liam Smith,51,27,1997,@aol.com,"Java 8, SOAP, Subversion",Formal Lettering,90.5,43,0
CAN-AGE-1420,Susan Brown,39,13,2009,@icloud.com,"Rust, WebAssembly, GraphQL",Slack Preference,42.8,91,0
CAN-AGE-1421,Charles Miller,43,17,2005,@gmail.com,"Rust, WebAssembly, GraphQL",Slack Preference,80.4,88,1
CAN-AGE-1422,Isabella Garcia,41,15,2007,@icloud.com,"Python, Docker, Kubernetes",Async Texting,74.1,91,1
CAN-AGE-1423,Barbara Miller,52,27,1996,@hotmail.com,"C++, MFC, VisualBasic",Formal Lettering,94.4,20,0
CAN-AGE-1424,Elijah Garcia,33,7,2015,@gmail.com,"React, Node.js, Vercel",Async Texting,76.0,63,0
CAN-AGE-1425,Sophia Johnson,38,12,2010,@gmail.com,"Python, Docker, Kubernetes",Slack Preference,76.5,89,1
CAN-AGE-1426,Sophia Jones,40,17,2008,@icloud.com,"Rust, WebAssembly, GraphQL",Slack Preference,67.4,67,0
CAN-AGE-1427,Richard Miller,23,1,2025,@gmail.com,"Rust, WebAssembly, GraphQL",Slack Preference,79.2,82,0
CAN-AGE-1428,William Miller,36,11,2012,@icloud.com,"React, Node.js, Vercel",Slack Preference,60.7,87,0
CAN-AGE-1429,Liam Davis,31,5,2017,@gmail.com,"Rust, WebAssembly, GraphQL",Slack Preference,57.1,88,0
CAN-AGE-1430,Oliver Williams,41,14,2007,@gmail.com,"Python, Docker, Kubernetes",Async Texting,52.9,77,0
CAN-AGE-1431,Sophia Smith,40,16,2008,@icloud.com,"React, Node.js, Vercel",Async Texting,71.0,62,0
CAN-AGE-1432,Joseph Williams,28,1,2020,@gmail.com,"Python, Docker, Kubernetes",Async Texting,93.9,84,1
CAN-AGE-1433,Liam Williams,43,19,2005,@icloud.com,"React, Node.js, Vercel",Async Texting,65.2,72,0
CAN-AGE-1434,Olivia Smith,26,4,2022,@icloud.com,"Python, Docker, Kubernetes",Async Texting,73.8,84,0
CAN-AGE-1435,Oliver Miller,31,8,2017,@icloud.com,"React, Node.js, Vercel",Async Texting,81.0,69,0
CAN-AGE-1436,Ava Williams,41,18,2007,@gmail.com,"React, Node.js, Vercel",Slack Preference,86.4,88,1
CAN-AGE-1437,Elijah Johnson,24,2,2024,@gmail.com,"Rust, WebAssembly, GraphQL",Slack Preference,80.5,88,0
CAN-AGE-1438,Olivia Brown,30,7,2018,@gmail.com,"Python, Docker, Kubernetes",Async Texting,65.5,88,0
CAN-AGE-1439,William Smith,31,5,2017,@icloud.com,"Python, Docker, Kubernetes",Slack Preference,66.9,72,0
CAN-AGE-1440,Joseph Miller,31,6,2017,@gmail.com,"Python, Docker, Kubernetes",Async Texting,76.2,90,0
CAN-AGE-1441,William Johnson,34,11,2014,@icloud.com,"Python, Docker, Kubernetes",Async Texting,65.8,90,0
CAN-AGE-1442,Oliver Brown,29,6,2019,@icloud.com,"Python, Docker, Kubernetes",Async Texting,87.3,90,1
CAN-AGE-1443,Charles Miller,43,20,2005,@gmail.com,"Rust, WebAssembly, GraphQL",Async Texting,84.9,80,1
CAN-AGE-1444,William Brown,35,8,2013,@icloud.com,"Python, Docker, Kubernetes",Slack Preference,68.2,83,0
CAN-AGE-1445,Isabella Brown,45,21,2003,@gmail.com,"Python, Docker, Kubernetes",Async Texting,77.1,91,1
CAN-AGE-1446,Elijah Johnson,39,14,2009,@gmail.com,"React, Node.js, Vercel",Async Texting,78.9,63,0
CAN-AGE-1447,Joseph Miller,53,28,1995,@hotmail.com,"Fortran, COBOL, OracleDB",Phone Preference,52.4,46,0
CAN-AGE-1448,Liam Brown,42,18,2006,@gmail.com,"React, Node.js, Vercel",Slack Preference,52.3,79,0
CAN-AGE-1449,Ava Johnson,33,11,2015,@gmail.com,"Python, Docker, Kubernetes",Async Texting,82.2,71,0
CAN-AGE-1450,Richard Smith,41,17,2007,@gmail.com,"Python, Docker, Kubernetes",Async Texting,62.6,68,0
CAN-AGE-1451,Isabella Davis,46,20,2002,@aol.com,"C++, MFC, VisualBasic",Formal Lettering,81.5,22,0
CAN-AGE-1452,Noah Garcia,38,15,2010,@gmail.com,"React, Node.js, Vercel",Async Texting,56.4,93,0
CAN-AGE-1453,Susan Smith,35,12,2013,@gmail.com,"Python, Docker, Kubernetes",Slack Preference,89.9,79,1
CAN-AGE-1454,Emma Davis,37,11,2011,@gmail.com,"Rust, WebAssembly, GraphQL",Slack Preference,62.5,85,0
CAN-AGE-1455,Sophia Garcia,32,7,2016,@icloud.com,"Python, Docker, Kubernetes",Async Texting,65.5,78,0
CAN-AGE-1456,Ava Garcia,31,7,2017,@icloud.com,"Python, Docker, Kubernetes",Slack Preference,63.4,81,0
CAN-AGE-1457,Joseph Williams,59,33,1989,@aol.com,"Java 8, SOAP, Subversion",Formal Lettering,80.7,47,1
CAN-AGE-1458,Liam Johnson,23,1,2025,@icloud.com,"Python, Docker, Kubernetes",Slack Preference,77.4,66,0
CAN-AGE-1459,Elijah Davis,28,1,2020,@icloud.com,"Python, Docker, Kubernetes",Async Texting,81.1,69,0
CAN-AGE-1460,Sophia Miller,41,17,2007,@icloud.com,"Rust, WebAssembly, GraphQL",Slack Preference,94.3,95,1
CAN-AGE-1461,Richard Davis,34,9,2014,@gmail.com,"React, Node.js, Vercel",Async Texting,83.9,77,0
CAN-AGE-1462,Liam Williams,30,6,2018,@gmail.com,"React, Node.js, Vercel",Slack Preference,85.2,69,0
CAN-AGE-1463,Elijah Miller,40,17,2008,@icloud.com,"Python, Docker, Kubernetes",Slack Preference,79.5,75,1
CAN-AGE-1464,Barbara Brown,39,12,2009,@gmail.com,"React, Node.js, Vercel",Async Texting,86.7,81,1
CAN-AGE-1465,Ava Williams,26,4,2022,@gmail.com,"Rust, WebAssembly, GraphQL",Slack Preference,100.0,91,1
CAN-AGE-1466,William Brown,30,7,2018,@icloud.com,"Rust, WebAssembly, GraphQL",Async Texting,78.7,74,0
CAN-AGE-1467,Ava Jones,27,4,2021,@icloud.com,"Python, Docker, Kubernetes",Slack Preference,62.3,75,0
CAN-AGE-1468,Ava Jones,35,8,2013,@icloud.com,"React, Node.js, Vercel",Async Texting,68.6,86,0
CAN-AGE-1469,William Garcia,30,3,2018,@gmail.com,"Python, Docker, Kubernetes",Async Texting,73.5,78,0
CAN-AGE-1470,Sophia Garcia,37,14,2011,@icloud.com,"Rust, WebAssembly, GraphQL",Slack Preference,84.0,82,1
CAN-AGE-1471,Isabella Williams,35,12,2013,@icloud.com,"React, Node.js, Vercel",Slack Preference,89.0,64,0
CAN-AGE-1472,Elijah Davis,26,4,2022,@icloud.com,"React, Node.js, Vercel",Slack Preference,98.5,90,1
CAN-AGE-1473,Richard Brown,52,25,1996,@yahoo.com,"Java 8, SOAP, Subversion",Phone Preference,69.3,44,0
CAN-AGE-1474,William Davis,23,1,2025,@icloud.com,"React, Node.js, Vercel",Slack Preference,92.7,78,0
CAN-AGE-1475,Barbara Jones,23,1,2025,@icloud.com,"React, Node.js, Vercel",Async Texting,70.1,91,0
CAN-AGE-1476,Ava Johnson,32,9,2016,@icloud.com,"React, Node.js, Vercel",Async Texting,72.4,79,0
CAN-AGE-1477,Emma Garcia,41,17,2007,@icloud.com,"React, Node.js, Vercel",Async Texting,81.2,85,1
CAN-AGE-1478,Olivia Miller,34,12,2014,@icloud.com,"Python, Docker, Kubernetes",Async Texting,70.0,63,0
CAN-AGE-1479,Susan Davis,30,6,2018,@icloud.com,"Rust, WebAssembly, GraphQL",Slack Preference,53.1,83,0
CAN-AGE-1480,Noah Davis,34,11,2014,@gmail.com,"Rust, WebAssembly, GraphQL",Async Texting,67.0,77,0
CAN-AGE-1481,Isabella Miller,43,16,2005,@icloud.com,"Rust, WebAssembly, GraphQL",Async Texting,66.8,68,0
CAN-AGE-1482,Noah Johnson,29,7,2019,@icloud.com,"Python, Docker, Kubernetes",Slack Preference,55.4,63,0
CAN-AGE-1483,Liam Miller,56,29,1992,@hotmail.com,"Java 8, SOAP, Subversion",Phone Preference,84.0,34,0
CAN-AGE-1484,Noah Smith,39,13,2009,@icloud.com,"Python, Docker, Kubernetes",Slack Preference,89.5,94,1
CAN-AGE-1485,Sophia Smith,33,8,2015,@icloud.com,"React, Node.js, Vercel",Async Texting,72.4,66,0
CAN-AGE-1486,Oliver Jones,46,20,2002,@yahoo.com,"Fortran, COBOL, OracleDB",Phone Preference,86.3,32,0
CAN-AGE-1487,Joseph Brown,32,6,2016,@icloud.com,"Rust, WebAssembly, GraphQL",Slack Preference,81.7,86,0
CAN-AGE-1488,Ava Smith,37,11,2011,@icloud.com,"Python, Docker, Kubernetes",Async Texting,80.1,90,1
CAN-AGE-1489,Margaret Garcia,26,1,2022,@icloud.com,"React, Node.js, Vercel",Slack Preference,70.8,70,0
CAN-AGE-1490,Joseph Johnson,30,3,2018,@icloud.com,"Rust, WebAssembly, GraphQL",Async Texting,84.4,65,0
CAN-AGE-1491,William Johnson,40,15,2008,@icloud.com,"React, Node.js, Vercel",Async Texting,75.9,67,0
CAN-AGE-1492,Elijah Smith,27,5,2021,@gmail.com,"Python, Docker, Kubernetes",Slack Preference,80.9,86,0
CAN-AGE-1493,Isabella Brown,37,14,2011,@gmail.com,"Python, Docker, Kubernetes",Async Texting,72.1,65,0
CAN-AGE-1494,Ava Jones,25,2,2023,@gmail.com,"React, Node.js, Vercel",Slack Preference,72.7,91,0
CAN-AGE-1495,Joseph Williams,28,1,2020,@icloud.com,"Python, Docker, Kubernetes",Slack Preference,70.9,85,0
CAN-AGE-1496,Liam Jones,39,15,2009,@icloud.com,"Rust, WebAssembly, GraphQL",Async Texting,79.0,93,1
CAN-AGE-1497,Olivia Garcia,39,12,2009,@icloud.com,"React, Node.js, Vercel",Async Texting,87.4,74,1
CAN-AGE-1498,Isabella Miller,48,25,2000,@hotmail.com,"C++, MFC, VisualBasic",Phone Preference,98.5,32,0
CAN-AGE-1499,Margaret Davis,44,17,2004,@icloud.com,"React, Node.js, Vercel",Slack Preference,72.6,65,0
CAN-AGE-1500,Noah Williams,40,14,2008,@gmail.com,"React, Node.js, Vercel",Async Texting,96.8,89,1
CAN-AGE-1501,Noah Jones,42,15,2006,@icloud.com,"Rust, WebAssembly, GraphQL",Async Texting,72.0,82,1
CAN-AGE-1502,Emma Brown,34,12,2014,@icloud.com,"Rust, WebAssembly, GraphQL",Async Texting,61.1,75,0
CAN-AGE-1503,Charles Johnson,28,1,2020,@icloud.com,"Rust, WebAssembly, GraphQL",Async Texting,72.9,60,0
CAN-AGE-1504,Isabella Miller,38,15,2010,@gmail.com,"React, Node.js, Vercel",Async Texting,49.5,69,0
CAN-AGE-1505,Liam Garcia,32,10,2016,@gmail.com,"Rust, WebAssembly, GraphQL",Async Texting,87.6,63,0
CAN-AGE-1506,Ava Jones,38,14,2010,@gmail.com,"Rust, WebAssembly, GraphQL",Slack Preference,77.0,84,1
CAN-AGE-1507,Oliver Smith,55,29,1993,@hotmail.com,"Java 8, SOAP, Subversion",Formal Lettering,75.5,27,0
CAN-AGE-1508,Oliver Garcia,29,5,2019,@gmail.com,"Python, Docker, Kubernetes",Slack Preference,74.0,74,0
CAN-AGE-1509,Isabella Williams,38,14,2010,@gmail.com,"React, Node.js, Vercel",Async Texting,62.6,87,0
CAN-AGE-1510,Richard Davis,32,8,2016,@icloud.com,"React, Node.js, Vercel",Slack Preference,73.9,83,0
CAN-AGE-1511,Oliver Miller,42,18,2006,@icloud.com,"React, Node.js, Vercel",Async Texting,61.9,88,1
CAN-AGE-1512,Sophia Brown,32,10,2016,@icloud.com,"Rust, WebAssembly, GraphQL",Slack Preference,68.8,91,0
CAN-AGE-1513,Emma Johnson,32,8,2016,@gmail.com,"Rust, WebAssembly, GraphQL",Slack Preference,58.9,68,0
CAN-AGE-1514,Richard Davis,26,1,2022,@gmail.com,"Python, Docker, Kubernetes",Async Texting,70.7,72,0
CAN-AGE-1515,Ava Brown,41,17,2007,@icloud.com,"Python, Docker, Kubernetes",Async Texting,83.8,66,0
CAN-AGE-1516,Emma Smith,28,4,2020,@icloud.com,"Python, Docker, Kubernetes",Async Texting,79.3,65,0
CAN-AGE-1517,Richard Miller,42,15,2006,@gmail.com,"React, Node.js, Vercel",Async Texting,71.7,72,0
CAN-AGE-1518,Barbara Davis,27,5,2021,@gmail.com,"Rust, WebAssembly, GraphQL",Async Texting,66.6,91,0
CAN-AGE-1519,Joseph Davis,41,14,2007,@icloud.com,"Rust, WebAssembly, GraphQL",Slack Preference,70.4,91,1
CAN-AGE-1520,William Miller,41,15,2007,@icloud.com,"Rust, WebAssembly, GraphQL",Async Texting,96.3,74,1
CAN-AGE-1521,Isabella Davis,37,11,2011,@gmail.com,"Rust, WebAssembly, GraphQL",Slack Preference,72.5,66,0
CAN-AGE-1522,Joseph Garcia,39,15,2009,@gmail.com,"Python, Docker, Kubernetes",Slack Preference,83.5,76,1
CAN-AGE-1523,Charles Davis,29,3,2019,@gmail.com,"Python, Docker, Kubernetes",Slack Preference,81.7,70,0
CAN-AGE-1524,Isabella Williams,43,19,2005,@gmail.com,"React, Node.js, Vercel",Slack Preference,72.7,78,1
CAN-AGE-1525,Oliver Johnson,46,24,2002,@yahoo.com,"C++, MFC, VisualBasic",Phone Preference,88.3,32,0
CAN-AGE-1526,Isabella Jones,36,12,2012,@icloud.com,"Rust, WebAssembly, GraphQL",Slack Preference,55.0,94,0
CAN-AGE-1527,Susan Garcia,30,8,2018,@gmail.com,"Rust, WebAssembly, GraphQL",Slack Preference,54.6,76,0
CAN-AGE-1528,Ava Williams,36,13,2012,@gmail.com,"Python, Docker, Kubernetes",Slack Preference,79.7,84,1
CAN-AGE-1529,Ava Jones,33,8,2015,@icloud.com,"Rust, WebAssembly, GraphQL",Async Texting,77.1,90,1
CAN-AGE-1530,Isabella Miller,39,14,2009,@gmail.com,"React, Node.js, Vercel",Slack Preference,93.4,66,1
CAN-AGE-1531,Sophia Smith,36,11,2012,@icloud.com,"Rust, WebAssembly, GraphQL",Slack Preference,86.1,88,1
CAN-AGE-1532,Isabella Johnson,41,14,2007,@icloud.com,"Rust, WebAssembly, GraphQL",Slack Preference,74.8,73,0
CAN-AGE-1533,Joseph Davis,42,16,2006,@icloud.com,"Python, Docker, Kubernetes",Async Texting,95.8,65,1
CAN-AGE-1534,Margaret Jones,36,12,2012,@gmail.com,"Rust, WebAssembly, GraphQL",Async Texting,59.7,82,0
CAN-AGE-1535,Charles Brown,45,22,2003,@icloud.com,"Python, Docker, Kubernetes",Slack Preference,56.4,78,0
CAN-AGE-1536,Oliver Brown,30,4,2018,@icloud.com,"Python, Docker, Kubernetes",Async Texting,69.1,83,0
CAN-AGE-1537,Oliver Williams,35,10,2013,@icloud.com,"Rust, WebAssembly, GraphQL",Slack Preference,86.7,91,1
CAN-AGE-1538,Richard Miller,27,1,2021,@icloud.com,"Python, Docker, Kubernetes",Slack Preference,59.7,69,0
CAN-AGE-1539,Noah Miller,38,11,2010,@icloud.com,"Python, Docker, Kubernetes",Slack Preference,56.7,85,0
CAN-AGE-1540,Charles Miller,30,8,2018,@icloud.com,"React, Node.js, Vercel",Async Texting,81.4,75,0
CAN-AGE-1541,Liam Jones,40,15,2008,@gmail.com,"Rust, WebAssembly, GraphQL",Slack Preference,84.7,85,1
CAN-AGE-1542,Elijah Smith,33,11,2015,@icloud.com,"Rust, WebAssembly, GraphQL",Slack Preference,71.7,89,1
CAN-AGE-1543,Noah Brown,43,17,2005,@gmail.com,"Rust, WebAssembly, GraphQL",Slack Preference,66.4,68,0
CAN-AGE-1544,Barbara Johnson,36,13,2012,@icloud.com,"React, Node.js, Vercel",Async Texting,98.6,79,1
CAN-AGE-1545,Charles Davis,29,2,2019,@icloud.com,"Python, Docker, Kubernetes",Async Texting,74.7,66,0
CAN-AGE-1546,Liam Miller,34,8,2014,@icloud.com,"Rust, WebAssembly, GraphQL",Async Texting,84.9,76,0
CAN-AGE-1547,Emma Smith,30,5,2018,@icloud.com,"React, Node.js, Vercel",Async Texting,78.4,85,0
CAN-AGE-1548,Margaret Williams,28,1,2020,@gmail.com,"Python, Docker, Kubernetes",Slack Preference,69.2,66,0
CAN-AGE-1549,Margaret Johnson,34,10,2014,@gmail.com,"React, Node.js, Vercel",Async Texting,63.3,65,0
CAN-AGE-1550,Charles Miller,32,9,2016,@icloud.com,"Python, Docker, Kubernetes",Slack Preference,76.6,81,0
CAN-AGE-1551,William Jones,43,17,2005,@gmail.com,"React, Node.js, Vercel",Slack Preference,56.6,61,0
CAN-AGE-1552,Noah Davis,26,1,2022,@icloud.com,"Python, Docker, Kubernetes",Slack Preference,63.7,62,0
CAN-AGE-1553,Richard Smith,31,4,2017,@gmail.com,"Python, Docker, Kubernetes",Slack Preference,90.5,72,0
CAN-AGE-1554,Susan Smith,46,20,2002,@aol.com,"C++, MFC, VisualBasic",Formal Lettering,75.2,34,0
CAN-AGE-1555,Olivia Jones,39,13,2009,@gmail.com,"React, Node.js, Vercel",Slack Preference,52.4,93,0
CAN-AGE-1556,Noah Miller,40,15,2008,@gmail.com,"React, Node.js, Vercel",Slack Preference,61.5,90,0
CAN-AGE-1557,Noah Smith,31,5,2017,@icloud.com,"React, Node.js, Vercel",Async Texting,88.5,82,1
CAN-AGE-1558,Olivia Brown,43,18,2005,@icloud.com,"React, Node.js, Vercel",Async Texting,59.6,72,0
CAN-AGE-1559,Isabella Garcia,45,18,2003,@gmail.com,"React, Node.js, Vercel",Async Texting,59.6,80,0
CAN-AGE-1560,Olivia Johnson,39,13,2009,@gmail.com,"Rust, WebAssembly, GraphQL",Slack Preference,69.6,60,0
CAN-AGE-1561,Noah Johnson,25,2,2023,@gmail.com,"Rust, WebAssembly, GraphQL",Async Texting,73.0,78,0
CAN-AGE-1562,Olivia Johnson,32,7,2016,@gmail.com,"React, Node.js, Vercel",Async Texting,69.9,65,0
CAN-AGE-1563,William Jones,37,12,2011,@icloud.com,"Python, Docker, Kubernetes",Async Texting,57.1,75,0
CAN-AGE-1564,Margaret Brown,52,25,1996,@hotmail.com,"Java 8, SOAP, Subversion",Phone Preference,65.5,48,0
CAN-AGE-1565,Richard Johnson,36,11,2012,@gmail.com,"Python, Docker, Kubernetes",Slack Preference,63.3,78,0
CAN-AGE-1566,Margaret Miller,35,12,2013,@gmail.com,"React, Node.js, Vercel",Slack Preference,82.8,76,1
CAN-AGE-1567,Barbara Jones,29,7,2019,@gmail.com,"React, Node.js, Vercel",Async Texting,88.7,74,0
CAN-AGE-1568,Noah Johnson,25,1,2023,@icloud.com,"Rust, WebAssembly, GraphQL",Slack Preference,100.0,76,0
CAN-AGE-1569,Olivia Garcia,39,15,2009,@gmail.com,"React, Node.js, Vercel",Slack Preference,79.1,95,1
CAN-AGE-1570,Emma Garcia,36,13,2012,@gmail.com,"Rust, WebAssembly, GraphQL",Slack Preference,86.3,89,1
CAN-AGE-1571,Sophia Williams,31,7,2017,@icloud.com,"Rust, WebAssembly, GraphQL",Slack Preference,84.1,84,1
CAN-AGE-1572,Sophia Smith,41,14,2007,@gmail.com,"React, Node.js, Vercel",Slack Preference,58.7,65,0
CAN-AGE-1573,Richard Williams,49,23,1999,@yahoo.com,"C++, MFC, VisualBasic",Formal Lettering,68.1,25,0
CAN-AGE-1574,Isabella Smith,30,6,2018,@icloud.com,"Python, Docker, Kubernetes",Async Texting,88.5,90,1
CAN-AGE-1575,Joseph Williams,34,7,2014,@icloud.com,"Rust, WebAssembly, GraphQL",Slack Preference,76.3,81,0
CAN-AGE-1576,Barbara Johnson,38,12,2010,@gmail.com,"Rust, WebAssembly, GraphQL",Slack Preference,69.3,72,0
CAN-AGE-1577,Liam Miller,26,2,2022,@gmail.com,"Python, Docker, Kubernetes",Async Texting,57.6,80,0
CAN-AGE-1578,Susan Garcia,26,4,2022,@icloud.com,"Rust, WebAssembly, GraphQL",Async Texting,71.0,73,0
CAN-AGE-1579,Liam Williams,47,25,2001,@yahoo.com,"Java 8, SOAP, Subversion",Phone Preference,57.2,43,0
CAN-AGE-1580,William Brown,27,1,2021,@icloud.com,"React, Node.js, Vercel",Async Texting,88.1,77,0
CAN-AGE-1581,Ava Jones,46,23,2002,@hotmail.com,"Java 8, SOAP, Subversion",Phone Preference,87.9,40,0
CAN-AGE-1582,Ava Brown,34,11,2014,@icloud.com,"React, Node.js, Vercel",Slack Preference,63.8,93,0
CAN-AGE-1583,William Brown,50,26,1998,@aol.com,"C++, MFC, VisualBasic",Formal Lettering,91.7,23,0
CAN-AGE-1584,Ava Garcia,33,6,2015,@gmail.com,"Python, Docker, Kubernetes",Slack Preference,76.9,94,1
CAN-AGE-1585,Ava Smith,31,6,2017,@gmail.com,"Rust, WebAssembly, GraphQL",Async Texting,68.1,94,0
CAN-AGE-1586,Ava Miller,24,1,2024,@icloud.com,"React, Node.js, Vercel",Async Texting,95.2,74,0
CAN-AGE-1587,Liam Smith,41,15,2007,@icloud.com,"Python, Docker, Kubernetes",Slack Preference,62.7,74,0
CAN-AGE-1588,Isabella Brown,39,17,2009,@gmail.com,"React, Node.js, Vercel",Slack Preference,79.8,83,1
CAN-AGE-1589,Oliver Jones,43,16,2005,@gmail.com,"Rust, WebAssembly, GraphQL",Slack Preference,55.9,61,0
CAN-AGE-1590,Emma Miller,30,7,2018,@gmail.com,"Rust, WebAssembly, GraphQL",Slack Preference,59.1,86,0
CAN-AGE-1591,Barbara Jones,37,11,2011,@icloud.com,"Rust, WebAssembly, GraphQL",Async Texting,98.1,86,1
CAN-AGE-1592,Richard Johnson,46,21,2002,@aol.com,"C++, MFC, VisualBasic",Phone Preference,77.5,33,0
CAN-AGE-1593,Sophia Davis,37,10,2011,@icloud.com,"Python, Docker, Kubernetes",Slack Preference,90.8,81,1
CAN-AGE-1594,Charles Davis,42,18,2006,@gmail.com,"Python, Docker, Kubernetes",Async Texting,63.0,62,0
CAN-AGE-1595,Richard Johnson,33,6,2015,@icloud.com,"Rust, WebAssembly, GraphQL",Async Texting,75.5,78,0
CAN-AGE-1596,Olivia Williams,35,10,2013,@gmail.com,"Python, Docker, Kubernetes",Async Texting,85.4,77,1
CAN-AGE-1597,Charles Miller,42,16,2006,@icloud.com,"Python, Docker, Kubernetes",Slack Preference,67.2,83,0
CAN-AGE-1598,Emma Williams,42,20,2006,@icloud.com,"Python, Docker, Kubernetes",Async Texting,70.5,78,1
CAN-AGE-1599,Sophia Garcia,28,4,2020,@gmail.com,"Rust, WebAssembly, GraphQL",Async Texting,80.7,74,0
CAN-AGE-1600,Margaret Miller,32,10,2016,@gmail.com,"Python, Docker, Kubernetes",Async Texting,67.4,70,0
CAN-AGE-1601,Margaret Johnson,49,24,1999,@aol.com,"Java 8, SOAP, Subversion",Phone Preference,72.9,39,0
CAN-AGE-1602,Sophia Davis,51,24,1997,@hotmail.com,"Java 8, SOAP, Subversion",Phone Preference,72.1,45,0
CAN-AGE-1603,Elijah Brown,45,20,2003,@gmail.com,"Python, Docker, Kubernetes",Slack Preference,83.1,76,1
CAN-AGE-1604,Ava Davis,43,17,2005,@gmail.com,"Python, Docker, Kubernetes",Slack Preference,64.8,80,0
CAN-AGE-1605,Isabella Miller,34,8,2014,@gmail.com,"Rust, WebAssembly, GraphQL",Slack Preference,52.7,89,0
CAN-AGE-1606,William Miller,38,13,2010,@icloud.com,"Rust, WebAssembly, GraphQL",Async Texting,84.8,76,1
CAN-AGE-1607,Emma Jones,23,1,2025,@icloud.com,"React, Node.js, Vercel",Slack Preference,97.3,92,1
CAN-AGE-1608,Oliver Brown,36,14,2012,@gmail.com,"React, Node.js, Vercel",Slack Preference,86.5,67,0
CAN-AGE-1609,Liam Brown,32,10,2016,@gmail.com,"React, Node.js, Vercel",Async Texting,64.3,77,0
CAN-AGE-1610,Joseph Smith,48,22,2000,@hotmail.com,"C++, MFC, VisualBasic",Formal Lettering,84.3,26,0
CAN-AGE-1611,Susan Johnson,30,7,2018,@gmail.com,"React, Node.js, Vercel",Async Texting,69.9,71,0
CAN-AGE-1612,Olivia Williams,50,27,1998,@yahoo.com,"Fortran, COBOL, OracleDB",Formal Lettering,72.3,24,0
CAN-AGE-1613,Sophia Jones,31,8,2017,@gmail.com,"Rust, WebAssembly, GraphQL",Slack Preference,75.6,71,0
CAN-AGE-1614,Charles Miller,41,14,2007,@gmail.com,"Python, Docker, Kubernetes",Async Texting,65.0,68,0
CAN-AGE-1615,Richard Brown,42,20,2006,@gmail.com,"Python, Docker, Kubernetes",Slack Preference,67.4,79,1
CAN-AGE-1616,Barbara Williams,44,17,2004,@gmail.com,"Python, Docker, Kubernetes",Async Texting,91.3,71,1
CAN-AGE-1617,Oliver Williams,44,22,2004,@icloud.com,"React, Node.js, Vercel",Slack Preference,58.8,86,1
CAN-AGE-1618,Richard Johnson,34,7,2014,@icloud.com,"Python, Docker, Kubernetes",Slack Preference,68.9,68,0
CAN-AGE-1619,William Jones,36,14,2012,@gmail.com,"Python, Docker, Kubernetes",Async Texting,72.5,71,0
CAN-AGE-1620,Elijah Williams,33,7,2015,@gmail.com,"React, Node.js, Vercel",Async Texting,69.0,61,0
CAN-AGE-1621,William Smith,37,15,2011,@icloud.com,"Rust, WebAssembly, GraphQL",Slack Preference,85.0,92,1
CAN-AGE-1622,Margaret Williams,38,12,2010,@gmail.com,"React, Node.js, Vercel",Async Texting,81.9,86,1
CAN-AGE-1623,Ava Garcia,35,9,2013,@gmail.com,"Rust, WebAssembly, GraphQL",Slack Preference,72.7,76,0
CAN-AGE-1624,Ava Jones,27,1,2021,@gmail.com,"Python, Docker, Kubernetes",Async Texting,76.7,69,0
CAN-AGE-1625,Richard Johnson,55,33,1993,@hotmail.com,"Java 8, SOAP, Subversion",Phone Preference,62.6,46,0
CAN-AGE-1626,Joseph Smith,33,7,2015,@icloud.com,"Rust, WebAssembly, GraphQL",Slack Preference,70.7,88,0
CAN-AGE-1627,Richard Williams,35,8,2013,@icloud.com,"React, Node.js, Vercel",Async Texting,78.4,81,0
CAN-AGE-1628,Noah Williams,26,2,2022,@gmail.com,"Python, Docker, Kubernetes",Async Texting,53.9,93,0
CAN-AGE-1629,Sophia Jones,33,10,2015,@icloud.com,"React, Node.js, Vercel",Async Texting,48.7,88,0
CAN-AGE-1630,Olivia Jones,44,18,2004,@icloud.com,"Rust, WebAssembly, GraphQL",Slack Preference,75.3,89,1
CAN-AGE-1631,Isabella Miller,34,10,2014,@gmail.com,"React, Node.js, Vercel",Async Texting,82.1,91,1
CAN-AGE-1632,Liam Brown,24,1,2024,@gmail.com,"Python, Docker, Kubernetes",Slack Preference,63.6,78,0
CAN-AGE-1633,William Garcia,44,20,2004,@gmail.com,"Python, Docker, Kubernetes",Async Texting,63.1,74,0
CAN-AGE-1634,Sophia Johnson,45,19,2003,@icloud.com,"Rust, WebAssembly, GraphQL",Slack Preference,83.3,77,1
CAN-AGE-1635,Margaret Williams,41,14,2007,@icloud.com,"Rust, WebAssembly, GraphQL",Async Texting,81.8,92,1
CAN-AGE-1636,Noah Davis,31,7,2017,@icloud.com,"React, Node.js, Vercel",Async Texting,55.9,63,0
CAN-AGE-1637,Noah Smith,30,6,2018,@icloud.com,"Rust, WebAssembly, GraphQL",Slack Preference,72.6,74,0
CAN-AGE-1638,Charles Davis,25,1,2023,@gmail.com,"React, Node.js, Vercel",Async Texting,88.2,81,0
CAN-AGE-1639,Susan Brown,36,10,2012,@gmail.com,"Python, Docker, Kubernetes",Async Texting,62.6,74,0
CAN-AGE-1640,Liam Miller,26,1,2022,@icloud.com,"React, Node.js, Vercel",Slack Preference,56.9,82,0
CAN-AGE-1641,Olivia Davis,35,11,2013,@gmail.com,"React, Node.js, Vercel",Async Texting,72.3,62,0
CAN-AGE-1642,Barbara Johnson,30,3,2018,@gmail.com,"Python, Docker, Kubernetes",Async Texting,85.3,61,0
CAN-AGE-1643,Oliver Brown,24,1,2024,@gmail.com,"Python, Docker, Kubernetes",Async Texting,82.6,64,0
CAN-AGE-1644,Emma Jones,33,11,2015,@gmail.com,"React, Node.js, Vercel",Async Texting,77.3,81,0
CAN-AGE-1645,Charles Johnson,39,13,2009,@gmail.com,"React, Node.js, Vercel",Async Texting,84.5,61,0
CAN-AGE-1646,Elijah Williams,33,7,2015,@icloud.com,"Python, Docker, Kubernetes",Async Texting,63.5,71,0
CAN-AGE-1647,Charles Smith,45,20,2003,@gmail.com,"Rust, WebAssembly, GraphQL",Async Texting,91.7,60,1
CAN-AGE-1648,William Garcia,46,24,2002,@aol.com,"Fortran, COBOL, OracleDB",Formal Lettering,71.4,44,0
CAN-AGE-1649,Richard Johnson,32,7,2016,@icloud.com,"React, Node.js, Vercel",Slack Preference,80.4,95,1
CAN-AGE-1650,William Williams,29,4,2019,@gmail.com,"Python, Docker, Kubernetes",Async Texting,56.3,75,0
CAN-AGE-1651,Richard Jones,26,1,2022,@icloud.com,"Rust, WebAssembly, GraphQL",Slack Preference,83.0,60,0
CAN-AGE-1652,Margaret Brown,30,7,2018,@icloud.com,"Rust, WebAssembly, GraphQL",Async Texting,55.8,77,0
CAN-AGE-1653,Emma Davis,26,1,2022,@gmail.com,"Python, Docker, Kubernetes",Async Texting,68.5,77,0
CAN-AGE-1654,Susan Miller,44,17,2004,@icloud.com,"Python, Docker, Kubernetes",Async Texting,69.0,95,1
CAN-AGE-1655,Ava Garcia,34,12,2014,@icloud.com,"React, Node.js, Vercel",Slack Preference,79.2,66,0
CAN-AGE-1656,Richard Miller,42,19,2006,@gmail.com,"React, Node.js, Vercel",Slack Preference,64.5,72,0
CAN-AGE-1657,Olivia Williams,27,5,2021,@icloud.com,"Rust, WebAssembly, GraphQL",Async Texting,83.6,61,0
CAN-AGE-1658,Liam Smith,48,21,2000,@aol.com,"Fortran, COBOL, OracleDB",Formal Lettering,84.0,23,0
CAN-AGE-1659,Susan Davis,36,9,2012,@gmail.com,"Rust, WebAssembly, GraphQL",Async Texting,73.9,60,0
CAN-AGE-1660,Oliver Smith,44,18,2004,@gmail.com,"React, Node.js, Vercel",Slack Preference,78.2,61,0
CAN-AGE-1661,Margaret Brown,31,8,2017,@gmail.com,"React, Node.js, Vercel",Async Texting,60.6,93,0
CAN-AGE-1662,Margaret Jones,32,7,2016,@icloud.com,"React, Node.js, Vercel",Async Texting,54.9,80,0
CAN-AGE-1663,Charles Garcia,27,3,2021,@gmail.com,"Rust, WebAssembly, GraphQL",Async Texting,87.4,89,1
CAN-AGE-1664,Liam Jones,50,24,1998,@aol.com,"Fortran, COBOL, OracleDB",Formal Lettering,86.6,27,0
CAN-AGE-1665,Noah Miller,42,16,2006,@icloud.com,"Python, Docker, Kubernetes",Async Texting,89.4,60,0
CAN-AGE-1666,Charles Miller,26,2,2022,@icloud.com,"Rust, WebAssembly, GraphQL",Async Texting,89.5,94,1
CAN-AGE-1667,Ava Brown,42,18,2006,@gmail.com,"Rust, WebAssembly, GraphQL",Slack Preference,81.6,93,1
CAN-AGE-1668,Emma Davis,29,4,2019,@icloud.com,"Python, Docker, Kubernetes",Slack Preference,94.6,81,1
CAN-AGE-1669,Susan Williams,43,20,2005,@icloud.com,"Python, Docker, Kubernetes",Slack Preference,63.0,82,0
CAN-AGE-1670,Joseph Davis,31,9,2017,@gmail.com,"React, Node.js, Vercel",Async Texting,69.4,72,0
CAN-AGE-1671,Isabella Brown,32,10,2016,@icloud.com,"Rust, WebAssembly, GraphQL",Async Texting,85.0,82,1
CAN-AGE-1672,Isabella Jones,45,19,2003,@gmail.com,"Python, Docker, Kubernetes",Async Texting,87.7,81,1
CAN-AGE-1673,Margaret Smith,36,9,2012,@icloud.com,"Rust, WebAssembly, GraphQL",Slack Preference,66.9,93,0
CAN-AGE-1674,William Garcia,31,7,2017,@gmail.com,"Python, Docker, Kubernetes",Slack Preference,78.3,64,0
CAN-AGE-1675,Richard Johnson,40,16,2008,@icloud.com,"Python, Docker, Kubernetes",Slack Preference,64.2,93,1
CAN-AGE-1676,Emma Garcia,44,19,2004,@gmail.com,"Rust, WebAssembly, GraphQL",Slack Preference,73.4,90,1
CAN-AGE-1677,Isabella Miller,25,3,2023,@gmail.com,"Rust, WebAssembly, GraphQL",Slack Preference,87.2,64,0
CAN-AGE-1678,Joseph Davis,39,12,2009,@icloud.com,"Rust, WebAssembly, GraphQL",Async Texting,100.0,88,1
CAN-AGE-1679,Noah Johnson,38,14,2010,@icloud.com,"React, Node.js, Vercel",Async Texting,91.4,86,1
CAN-AGE-1680,Richard Miller,31,5,2017,@gmail.com,"Rust, WebAssembly, GraphQL",Async Texting,80.3,92,1
CAN-AGE-1681,Noah Garcia,34,11,2014,@gmail.com,"Python, Docker, Kubernetes",Slack Preference,68.4,77,0
CAN-AGE-1682,Barbara Davis,39,13,2009,@icloud.com,"Rust, WebAssembly, GraphQL",Async Texting,85.8,67,0
CAN-AGE-1683,Richard Brown,35,10,2013,@gmail.com,"React, Node.js, Vercel",Slack Preference,82.4,82,1
CAN-AGE-1684,Susan Davis,39,14,2009,@icloud.com,"Rust, WebAssembly, GraphQL",Slack Preference,78.4,67,0
CAN-AGE-1685,Noah Smith,39,17,2009,@gmail.com,"Rust, WebAssembly, GraphQL",Async Texting,88.6,72,1
CAN-AGE-1686,Susan Brown,44,20,2004,@icloud.com,"Rust, WebAssembly, GraphQL",Slack Preference,80.7,75,1
CAN-AGE-1687,Susan Jones,38,16,2010,@gmail.com,"React, Node.js, Vercel",Slack Preference,65.5,80,0
CAN-AGE-1688,Emma Davis,23,1,2025,@gmail.com,"Python, Docker, Kubernetes",Async Texting,75.5,72,0
CAN-AGE-1689,Joseph Davis,52,29,1996,@yahoo.com,"C++, MFC, VisualBasic",Phone Preference,73.6,27,0
CAN-AGE-1690,Richard Brown,51,25,1997,@aol.com,"Fortran, COBOL, OracleDB",Formal Lettering,71.8,34,0
CAN-AGE-1691,Emma Jones,28,2,2020,@icloud.com,"Python, Docker, Kubernetes",Async Texting,55.4,82,0
CAN-AGE-1692,Liam Johnson,37,13,2011,@icloud.com,"Rust, WebAssembly, GraphQL",Slack Preference,69.2,90,1
CAN-AGE-1693,William Davis,33,7,2015,@gmail.com,"Rust, WebAssembly, GraphQL",Async Texting,73.2,82,0
CAN-AGE-1694,Sophia Williams,32,7,2016,@gmail.com,"React, Node.js, Vercel",Slack Preference,80.9,74,0
CAN-AGE-1695,Joseph Garcia,39,15,2009,@gmail.com,"Python, Docker, Kubernetes",Async Texting,83.4,84,1
CAN-AGE-1696,Noah Miller,31,6,2017,@gmail.com,"Python, Docker, Kubernetes",Slack Preference,91.1,87,1
CAN-AGE-1697,Olivia Smith,33,10,2015,@icloud.com,"Python, Docker, Kubernetes",Async Texting,69.2,86,0
CAN-AGE-1698,Oliver Johnson,47,21,2001,@hotmail.com,"Fortran, COBOL, OracleDB",Phone Preference,83.9,31,0
CAN-AGE-1699,Joseph Garcia,49,22,1999,@aol.com,"Java 8, SOAP, Subversion",Formal Lettering,75.8,21,0
CAN-AGE-1700,Oliver Miller,33,11,2015,@icloud.com,"React, Node.js, Vercel",Slack Preference,45.1,70,0
CAN-AGE-1701,Margaret Davis,43,16,2005,@gmail.com,"Python, Docker, Kubernetes",Async Texting,69.8,72,0
CAN-AGE-1702,Isabella Smith,48,21,2000,@hotmail.com,"Fortran, COBOL, OracleDB",Formal Lettering,72.5,43,0
CAN-AGE-1703,Margaret Davis,41,17,2007,@icloud.com,"Rust, WebAssembly, GraphQL",Async Texting,56.7,74,0
CAN-AGE-1704,Liam Davis,42,15,2006,@gmail.com,"React, Node.js, Vercel",Slack Preference,78.3,65,0
CAN-AGE-1705,Isabella Smith,30,5,2018,@gmail.com,"React, Node.js, Vercel",Slack Preference,68.1,91,0
CAN-AGE-1706,Sophia Davis,39,14,2009,@gmail.com,"Python, Docker, Kubernetes",Slack Preference,71.1,64,0
CAN-AGE-1707,Barbara Miller,51,25,1997,@yahoo.com,"Java 8, SOAP, Subversion",Formal Lettering,78.4,48,0
CAN-AGE-1708,Susan Miller,37,11,2011,@icloud.com,"Rust, WebAssembly, GraphQL",Slack Preference,78.8,83,1
CAN-AGE-1709,Olivia Garcia,45,19,2003,@icloud.com,"Rust, WebAssembly, GraphQL",Slack Preference,62.2,88,1
CAN-AGE-1710,Sophia Garcia,35,13,2013,@gmail.com,"React, Node.js, Vercel",Async Texting,73.0,90,1
CAN-AGE-1711,Charles Smith,36,13,2012,@icloud.com,"React, Node.js, Vercel",Async Texting,82.6,71,0
CAN-AGE-1712,William Williams,44,17,2004,@gmail.com,"Rust, WebAssembly, GraphQL",Slack Preference,66.6,88,1
CAN-AGE-1713,Oliver Davis,40,15,2008,@gmail.com,"React, Node.js, Vercel",Async Texting,55.9,87,0
CAN-AGE-1714,Olivia Davis,31,4,2017,@gmail.com,"Python, Docker, Kubernetes",Slack Preference,78.0,84,0
CAN-AGE-1715,Susan Williams,28,1,2020,@icloud.com,"Rust, WebAssembly, GraphQL",Slack Preference,82.3,76,0
CAN-AGE-1716,Isabella Brown,31,5,2017,@icloud.com,"Rust, WebAssembly, GraphQL",Slack Preference,84.7,94,1
CAN-AGE-1717,Oliver Johnson,43,20,2005,@gmail.com,"React, Node.js, Vercel",Async Texting,56.1,76,0
CAN-AGE-1718,Margaret Davis,26,1,2022,@gmail.com,"Rust, WebAssembly, GraphQL",Slack Preference,61.6,79,0
CAN-AGE-1719,Isabella Garcia,35,8,2013,@icloud.com,"Rust, WebAssembly, GraphQL",Async Texting,91.1,95,1
CAN-AGE-1720,Barbara Miller,25,1,2023,@icloud.com,"Python, Docker, Kubernetes",Slack Preference,68.1,66,0
CAN-AGE-1721,Barbara Miller,30,6,2018,@icloud.com,"Rust, WebAssembly, GraphQL",Slack Preference,66.3,75,0
CAN-AGE-1722,Susan Johnson,27,1,2021,@icloud.com,"React, Node.js, Vercel",Async Texting,55.6,67,0
CAN-AGE-1723,Liam Garcia,44,21,2004,@gmail.com,"React, Node.js, Vercel",Slack Preference,82.7,90,1
CAN-AGE-1724,Richard Brown,33,8,2015,@gmail.com,"Python, Docker, Kubernetes",Slack Preference,78.0,75,0
CAN-AGE-1725,William Miller,42,16,2006,@icloud.com,"React, Node.js, Vercel",Async Texting,79.6,71,0
CAN-AGE-1726,Richard Johnson,25,1,2023,@icloud.com,"Python, Docker, Kubernetes",Slack Preference,77.8,85,0
CAN-AGE-1727,Barbara Williams,32,7,2016,@icloud.com,"React, Node.js, Vercel",Async Texting,73.6,74,0
CAN-AGE-1728,Elijah Jones,49,23,1999,@yahoo.com,"Fortran, COBOL, OracleDB",Phone Preference,88.1,46,0
CAN-AGE-1729,Oliver Jones,36,11,2012,@gmail.com,"Python, Docker, Kubernetes",Async Texting,81.0,82,1
CAN-AGE-1730,Sophia Smith,29,3,2019,@icloud.com,"React, Node.js, Vercel",Slack Preference,92.1,64,0
CAN-AGE-1731,Ava Davis,29,3,2019,@icloud.com,"Rust, WebAssembly, GraphQL",Async Texting,73.5,68,0
CAN-AGE-1732,Elijah Smith,34,8,2014,@gmail.com,"React, Node.js, Vercel",Async Texting,88.6,77,0
CAN-AGE-1733,Joseph Brown,30,5,2018,@icloud.com,"React, Node.js, Vercel",Async Texting,64.2,88,0
CAN-AGE-1734,Joseph Garcia,34,9,2014,@icloud.com,"Rust, WebAssembly, GraphQL",Slack Preference,59.2,61,0
CAN-AGE-1735,Sophia Jones,42,20,2006,@gmail.com,"Rust, WebAssembly, GraphQL",Async Texting,74.7,89,1
CAN-AGE-1736,Susan Johnson,36,13,2012,@icloud.com,"Rust, WebAssembly, GraphQL",Async Texting,76.9,73,0
CAN-AGE-1737,William Smith,37,13,2011,@gmail.com,"Python, Docker, Kubernetes",Slack Preference,82.9,77,1
CAN-AGE-1738,Charles Johnson,39,12,2009,@gmail.com,"Python, Docker, Kubernetes",Slack Preference,83.0,88,1
CAN-AGE-1739,Oliver Miller,32,10,2016,@icloud.com,"React, Node.js, Vercel",Slack Preference,84.0,80,1
CAN-AGE-1740,Joseph Garcia,37,11,2011,@icloud.com,"React, Node.js, Vercel",Slack Preference,74.7,63,0
CAN-AGE-1741,Emma Brown,31,6,2017,@gmail.com,"Rust, WebAssembly, GraphQL",Slack Preference,60.3,74,0
CAN-AGE-1742,Emma Davis,40,16,2008,@gmail.com,"Python, Docker, Kubernetes",Async Texting,78.6,86,1
CAN-AGE-1743,Isabella Miller,41,19,2007,@icloud.com,"Rust, WebAssembly, GraphQL",Async Texting,66.4,90,1
CAN-AGE-1744,Isabella Smith,47,21,2001,@hotmail.com,"Fortran, COBOL, OracleDB",Phone Preference,78.4,42,0
CAN-AGE-1745,Noah Jones,43,20,2005,@icloud.com,"Python, Docker, Kubernetes",Async Texting,87.4,79,1
CAN-AGE-1746,Elijah Davis,40,17,2008,@gmail.com,"React, Node.js, Vercel",Async Texting,70.5,91,1
CAN-AGE-1747,Margaret Garcia,42,18,2006,@icloud.com,"Rust, WebAssembly, GraphQL",Slack Preference,83.4,71,1
CAN-AGE-1748,William Williams,48,24,2000,@hotmail.com,"Fortran, COBOL, OracleDB",Formal Lettering,62.7,29,0
CAN-AGE-1749,Barbara Johnson,33,10,2015,@icloud.com,"Python, Docker, Kubernetes",Async Texting,59.4,85,0
CAN-AGE-1750,Elijah Williams,32,5,2016,@icloud.com,"Rust, WebAssembly, GraphQL",Async Texting,73.7,69,0
CAN-AGE-1751,Elijah Garcia,34,9,2014,@icloud.com,"React, Node.js, Vercel",Slack Preference,74.4,89,1
CAN-AGE-1752,Ava Johnson,49,26,1999,@yahoo.com,"Fortran, COBOL, OracleDB",Formal Lettering,69.3,34,0
CAN-AGE-1753,Margaret Johnson,37,13,2011,@gmail.com,"React, Node.js, Vercel",Slack Preference,94.5,73,1
CAN-AGE-1754,Ava Williams,33,11,2015,@icloud.com,"Rust, WebAssembly, GraphQL",Slack Preference,84.0,70,0
CAN-AGE-1755,Joseph Smith,34,9,2014,@icloud.com,"React, Node.js, Vercel",Async Texting,85.3,90,1
CAN-AGE-1756,Susan Garcia,30,6,2018,@icloud.com,"Python, Docker, Kubernetes",Async Texting,85.0,90,1
CAN-AGE-1757,Sophia Davis,24,2,2024,@icloud.com,"React, Node.js, Vercel",Slack Preference,82.6,74,0
CAN-AGE-1758,Barbara Johnson,41,14,2007,@gmail.com,"Python, Docker, Kubernetes",Async Texting,75.5,81,1
CAN-AGE-1759,Olivia Brown,30,8,2018,@gmail.com,"React, Node.js, Vercel",Slack Preference,61.7,79,0
CAN-AGE-1760,Joseph Williams,38,12,2010,@icloud.com,"Python, Docker, Kubernetes",Async Texting,84.6,91,1
CAN-AGE-1761,Noah Miller,25,3,2023,@icloud.com,"Rust, WebAssembly, GraphQL",Async Texting,78.4,95,1
CAN-AGE-1762,Charles Smith,31,8,2017,@gmail.com,"Python, Docker, Kubernetes",Slack Preference,67.5,90,0
CAN-AGE-1763,Oliver Johnson,60,33,1988,@hotmail.com,"C++, MFC, VisualBasic",Phone Preference,85.5,28,0
CAN-AGE-1764,Elijah Williams,32,5,2016,@icloud.com,"Rust, WebAssembly, GraphQL",Async Texting,77.9,72,0
CAN-AGE-1765,Susan Jones,24,1,2024,@gmail.com,"Rust, WebAssembly, GraphQL",Async Texting,73.0,88,0
CAN-AGE-1766,Barbara Davis,32,9,2016,@gmail.com,"React, Node.js, Vercel",Slack Preference,62.5,65,0
CAN-AGE-1767,Noah Davis,44,18,2004,@gmail.com,"Python, Docker, Kubernetes",Slack Preference,64.8,88,1
CAN-AGE-1768,Ava Smith,41,16,2007,@icloud.com,"Rust, WebAssembly, GraphQL",Slack Preference,81.8,80,1
CAN-AGE-1769,William Brown,36,10,2012,@icloud.com,"Rust, WebAssembly, GraphQL",Slack Preference,82.4,84,1
CAN-AGE-1770,Oliver Brown,37,10,2011,@icloud.com,"Rust, WebAssembly, GraphQL",Slack Preference,75.4,91,1
CAN-AGE-1771,Ava Miller,41,16,2007,@gmail.com,"React, Node.js, Vercel",Async Texting,69.1,70,0
CAN-AGE-1772,Richard Garcia,42,15,2006,@icloud.com,"React, Node.js, Vercel",Async Texting,92.9,61,0
CAN-AGE-1773,William Brown,26,4,2022,@icloud.com,"Python, Docker, Kubernetes",Slack Preference,77.1,76,0
CAN-AGE-1774,Emma Williams,44,22,2004,@gmail.com,"Python, Docker, Kubernetes",Async Texting,77.1,88,1
CAN-AGE-1775,Margaret Jones,23,1,2025,@icloud.com,"Rust, WebAssembly, GraphQL",Slack Preference,77.0,63,0
CAN-AGE-1776,Ava Garcia,38,15,2010,@gmail.com,"Rust, WebAssembly, GraphQL",Slack Preference,92.3,65,1
CAN-AGE-1777,Ava Brown,40,13,2008,@icloud.com,"Python, Docker, Kubernetes",Async Texting,73.4,91,1
CAN-AGE-1778,Barbara Davis,24,1,2024,@gmail.com,"React, Node.js, Vercel",Async Texting,71.0,69,0
CAN-AGE-1779,Oliver Williams,31,5,2017,@gmail.com,"Rust, WebAssembly, GraphQL",Slack Preference,86.1,82,0
CAN-AGE-1780,Olivia Davis,37,10,2011,@icloud.com,"Rust, WebAssembly, GraphQL",Async Texting,73.2,64,0
CAN-AGE-1781,Olivia Williams,23,1,2025,@icloud.com,"React, Node.js, Vercel",Async Texting,74.7,87,0
CAN-AGE-1782,William Garcia,40,16,2008,@gmail.com,"React, Node.js, Vercel",Slack Preference,86.9,64,0
CAN-AGE-1783,Susan Brown,60,34,1988,@yahoo.com,"Java 8, SOAP, Subversion",Phone Preference,96.3,24,0
CAN-AGE-1784,Isabella Johnson,31,6,2017,@icloud.com,"Python, Docker, Kubernetes",Slack Preference,75.2,80,0
CAN-AGE-1785,Ava Smith,36,10,2012,@icloud.com,"React, Node.js, Vercel",Slack Preference,100.0,79,1
CAN-AGE-1786,Emma Garcia,37,11,2011,@gmail.com,"React, Node.js, Vercel",Async Texting,70.6,94,1
CAN-AGE-1787,Emma Garcia,29,7,2019,@icloud.com,"React, Node.js, Vercel",Slack Preference,77.7,66,0
CAN-AGE-1788,Oliver Garcia,41,18,2007,@icloud.com,"Python, Docker, Kubernetes",Async Texting,66.5,80,0
CAN-AGE-1789,Joseph Garcia,39,17,2009,@icloud.com,"Rust, WebAssembly, GraphQL",Async Texting,70.3,80,0
CAN-AGE-1790,Sophia Williams,28,2,2020,@icloud.com,"Python, Docker, Kubernetes",Async Texting,59.3,67,0
CAN-AGE-1791,Margaret Garcia,39,15,2009,@gmail.com,"Python, Docker, Kubernetes",Async Texting,77.8,77,1
CAN-AGE-1792,Isabella Johnson,47,21,2001,@aol.com,"Java 8, SOAP, Subversion",Phone Preference,71.5,27,0
CAN-AGE-1793,Elijah Williams,24,1,2024,@icloud.com,"Python, Docker, Kubernetes",Async Texting,60.7,60,0
CAN-AGE-1794,Joseph Jones,35,11,2013,@gmail.com,"Rust, WebAssembly, GraphQL",Async Texting,55.2,90,0
CAN-AGE-1795,Elijah Williams,44,18,2004,@gmail.com,"Python, Docker, Kubernetes",Slack Preference,75.9,70,0
CAN-AGE-1796,Margaret Smith,47,21,2001,@yahoo.com,"C++, MFC, VisualBasic",Phone Preference,57.0,32,0
CAN-AGE-1797,Oliver Miller,25,1,2023,@gmail.com,"React, Node.js, Vercel",Async Texting,85.8,78,0
CAN-AGE-1798,Richard Jones,30,6,2018,@icloud.com,"Python, Docker, Kubernetes",Async Texting,72.0,75,0
CAN-AGE-1799,Charles Miller,46,20,2002,@yahoo.com,"Fortran, COBOL, OracleDB",Formal Lettering,95.4,40,0
